{
  "20.0": {
    "n_samples": 18,
    "height_r2": 0.8663729556988421,
    "area_r2": 0.9740864231449345,
    "height_slope": 16.588003466458176,
    "area_slope": 3.6732295895706115,
    "concentrations": [
      0.5,
      1.0,
      5.0,
      10.0,
      20.0,
      50.0
    ]
  },
  "50.0": {
    "n_samples": 18,
    "height_r2": 0.9081993606195171,
    "area_r2": 0.9670208681097394,
    "height_slope": 31.245252291409194,
    "area_slope": 5.5595934367773605,
    "concentrations": [
      0.5,
      1.0,
      5.0,
      10.0,
      20.0,
      50.0
    ]
  },
  "100.0": {
    "n_samples": 18,
    "height_r2": 0.8758036303945608,
    "area_r2": 0.9534084364706109,
    "height_slope": 33.16451059179274,
    "area_slope": 6.3226573171360165,
    "concentrations": [
      0.5,
      1.0,
      5.0,
      10.0,
      20.0,
      50.0
    ]
  },
  "200.0": {
    "n_samples": 18,
    "height_r2": 0.8564892413956051,
    "area_r2": 0.8667836105546649,
    "height_slope": 31.321378103302617,
    "area_slope": 6.794637487918381,
    "concentrations": [
      0.5,
      1.0,
      5.0,
      10.0,
      20.0,
      50.0
    ]
  },
  "400.0": {
    "n_samples": 18,
    "height_r2": 0.6882878225544696,
    "area_r2": 0.7236120891379846,
    "height_slope": 24.96732143491247,
    "area_slope": 7.235779766950113,
    "concentrations": [
      0.5,
      1.0,
      5.0,
      10.0,
      20.0,
      50.0
    ]
  }
}