{
  "20.0": {
    "stm32": {
      "n_samples": 10,
      "slope": 7.2314282836513595,
      "r2": 0.014232612600087865,
      "conc_range": [
        0.5,
        20.0
      ]
    },
    "palmsens": {
      "n_samples": 18,
      "slope": 16.588003466458176,
      "r2": 0.8663729556988421,
      "conc_range": [
        0.5,
        50.0
      ]
    },
    "slope_ratio": 2.293876509009975
  },
  "50.0": {
    "stm32": {
      "n_samples": 9,
      "slope": 36.668704954387174,
      "r2": 0.982684596596856,
      "conc_range": [
        0.5,
        20.0
      ]
    },
    "palmsens": {
      "n_samples": 18,
      "slope": 31.245252291409194,
      "r2": 0.9081993606195171,
      "conc_range": [
        0.5,
        50.0
      ]
    },
    "slope_ratio": 0.8520958765867432
  },
  "100.0": {
    "stm32": {
      "n_samples": 12,
      "slope": 41.68844858648996,
      "r2": 0.9633176233957156,
      "conc_range": [
        0.5,
        20.0
      ]
    },
    "palmsens": {
      "n_samples": 18,
      "slope": 33.16451059179274,
      "r2": 0.8758036303945608,
      "conc_range": [
        0.5,
        50.0
      ]
    },
    "slope_ratio": 0.7955323768642332
  },
  "200.0": {
    "stm32": {
      "n_samples": 10,
      "slope": 51.15281349563697,
      "r2": 0.8791912541665416,
      "conc_range": [
        0.5,
        20.0
      ]
    },
    "palmsens": {
      "n_samples": 18,
      "slope": 31.321378103302617,
      "r2": 0.8564892413956051,
      "conc_range": [
        0.5,
        50.0
      ]
    },
    "slope_ratio": 0.612309977944305
  },
  "400.0": {
    "stm32": {
      "n_samples": 9,
      "slope": 69.71382352118779,
      "r2": 0.8471421155752186,
      "conc_range": [
        0.5,
        20.0
      ]
    },
    "palmsens": {
      "n_samples": 18,
      "slope": 24.96732143491247,
      "r2": 0.6882878225544696,
      "conc_range": [
        0.5,
        50.0
      ]
    },
    "slope_ratio": 0.35814018187259905
  }
}