Concentration_mM,Mean_Prediction_mM,Std_Prediction_mM,SEM_Prediction_mM,Upper_Bound_mM,Lower_Bound_mM,N_Samples,CV_Percent,Bias_mM,Device
0.5,0.4952,0.5105,0.0722,1.0057,-0.01529999999999998,50,103.0897,-0.0048,Palmsens
1.0,0.7251,0.4883,0.0691,1.2134,0.23679999999999995,50,67.3424,-0.2749,Palmsens
5.0,4.812,0.5573,0.0788,5.3693,4.254700000000001,50,11.5815,-0.188,Palmsens
10.0,9.9511,0.6253,0.0884,10.5764,9.325800000000001,50,6.2837,-0.0489,Palmsens
20.0,19.4884,0.867,0.1939,20.3554,18.621399999999998,20,4.4488,-0.5116,Palmsens
