nohup: ignoring input
🐍 Starting Python CV Analysis Service
📊 Compatible with .NET CVPeakValidation.Api
🚀 Access at: http://localhost:5003
🔗 Also available at: http://127.0.0.1:5003
 * Serving Flask app 'python_cv_service'
 * Debug mode: on
INFO:werkzeug:[31m[1mWARNING: This is a development server. Do not use it in a production deployment. Use a production WSGI server instead.[0m
 * Running on all addresses (0.0.0.0)
 * Running on http://127.0.0.1:5003
 * Running on http://172.21.55.201:5003
INFO:werkzeug:[33mPress CTRL+C to quit[0m
INFO:werkzeug:127.0.0.1 - - [05/Oct/2025 03:10:32] "GET /health HTTP/1.1" 200 -
INFO:werkzeug:127.0.0.1 - - [05/Oct/2025 03:10:32] "GET /health HTTP/1.1" 200 -
INFO:__main__:Received data keys: ['voltage', 'current', 'method', 'parameters']
INFO:__main__:Data content preview: {'voltage': [-0.40001, -0.390003, -0.379995, -0.369987, -0.359979, -0.349972, -0.339964, -0.329956, -0.319948, -0.30994, -0.299933, -0.289925, -0.279917, -0.269909, -0.259902, -0.249894, -0.239886, -0...
INFO:__main__:Analyzing CV data: 220 points
INFO:__main__:Voltage scan range: -0.400V to 0.701V (total: 1.101V)
INFO:__main__:Peak detection zone: -0.300V to 0.601V (margin: 0.100V)
INFO:__main__:Peak detection summary:
INFO:__main__:  Raw oxidation peaks found: 2
INFO:__main__:  Raw reduction peaks found: 1
INFO:__main__:  Filtered peaks (ferrocyanide range): 2
INFO:__main__:  Detection parameters: height=0.1, distance=10, prominence=0.05
INFO:__main__:  Flexible filtering: Peak zone=[-0.300-0.601V], Edge margin=0.100V
INFO:__main__:Analysis complete: 2 peaks detected
INFO:werkzeug:127.0.0.1 - - [05/Oct/2025 03:10:37] "POST /api/analyze HTTP/1.1" 200 -
INFO:__main__:Received data keys: ['voltage', 'current', 'method', 'parameters']
INFO:__main__:Data content preview: {'voltage': [-0.40001, -0.390003, -0.379995, -0.369987, -0.359979, -0.349972, -0.339964, -0.329956, -0.319948, -0.30994, -0.299933, -0.289925, -0.279917, -0.269909, -0.259902, -0.249894, -0.239886, -0...
INFO:__main__:Analyzing CV data: 221 points
INFO:__main__:Voltage scan range: -0.400V to 0.701V (total: 1.101V)
INFO:__main__:Peak detection zone: -0.300V to 0.601V (margin: 0.100V)
INFO:__main__:Peak detection summary:
INFO:__main__:  Raw oxidation peaks found: 2
INFO:__main__:  Raw reduction peaks found: 1
INFO:__main__:  Filtered peaks (ferrocyanide range): 2
INFO:__main__:  Detection parameters: height=0.1, distance=10, prominence=0.05
INFO:__main__:  Flexible filtering: Peak zone=[-0.300-0.601V], Edge margin=0.100V
INFO:__main__:Analysis complete: 2 peaks detected
INFO:werkzeug:127.0.0.1 - - [05/Oct/2025 03:10:38] "POST /api/analyze HTTP/1.1" 200 -
INFO:__main__:Received data keys: ['voltage', 'current', 'method', 'parameters']
INFO:__main__:Data content preview: {'voltage': [-0.40001, -0.390003, -0.379995, -0.369987, -0.359979, -0.349972, -0.339964, -0.329956, -0.319948, -0.30994, -0.299933, -0.289925, -0.279917, -0.269909, -0.259902, -0.249894, -0.239886, -0...
INFO:__main__:Analyzing CV data: 220 points
INFO:__main__:Voltage scan range: -0.400V to 0.701V (total: 1.101V)
INFO:__main__:Peak detection zone: -0.300V to 0.601V (margin: 0.100V)
INFO:__main__:Peak detection summary:
INFO:__main__:  Raw oxidation peaks found: 2
INFO:__main__:  Raw reduction peaks found: 1
INFO:__main__:  Filtered peaks (ferrocyanide range): 2
INFO:__main__:  Detection parameters: height=0.1, distance=10, prominence=0.05
INFO:__main__:  Flexible filtering: Peak zone=[-0.300-0.601V], Edge margin=0.100V
INFO:__main__:Analysis complete: 2 peaks detected
INFO:werkzeug:127.0.0.1 - - [05/Oct/2025 03:10:39] "POST /api/analyze HTTP/1.1" 200 -
INFO:__main__:Received data keys: ['voltage', 'current', 'method', 'parameters']
INFO:__main__:Data content preview: {'voltage': [-0.40001, -0.390003, -0.379995, -0.369987, -0.359979, -0.349972, -0.339964, -0.329956, -0.319948, -0.30994, -0.299933, -0.289925, -0.279917, -0.269909, -0.259902, -0.249894, -0.239886, -0...
INFO:__main__:Analyzing CV data: 220 points
INFO:__main__:Voltage scan range: -0.400V to 0.701V (total: 1.101V)
INFO:__main__:Peak detection zone: -0.300V to 0.601V (margin: 0.100V)
INFO:__main__:Peak detection summary:
INFO:__main__:  Raw oxidation peaks found: 2
INFO:__main__:  Raw reduction peaks found: 1
INFO:__main__:  Filtered peaks (ferrocyanide range): 2
INFO:__main__:  Detection parameters: height=0.1, distance=10, prominence=0.05
INFO:__main__:  Flexible filtering: Peak zone=[-0.300-0.601V], Edge margin=0.100V
INFO:__main__:Analysis complete: 2 peaks detected
INFO:werkzeug:127.0.0.1 - - [05/Oct/2025 03:10:40] "POST /api/analyze HTTP/1.1" 200 -
INFO:__main__:Received data keys: ['voltage', 'current', 'method', 'parameters']
INFO:__main__:Data content preview: {'voltage': [-0.40001, -0.390003, -0.379995, -0.369987, -0.359979, -0.349972, -0.339964, -0.329956, -0.319948, -0.30994, -0.299933, -0.289925, -0.279917, -0.269909, -0.259902, -0.249894, -0.239886, -0...
INFO:__main__:Analyzing CV data: 221 points
INFO:__main__:Voltage scan range: -0.400V to 0.701V (total: 1.101V)
INFO:__main__:Peak detection zone: -0.300V to 0.601V (margin: 0.100V)
INFO:__main__:Peak detection summary:
INFO:__main__:  Raw oxidation peaks found: 2
INFO:__main__:  Raw reduction peaks found: 1
INFO:__main__:  Filtered peaks (ferrocyanide range): 2
INFO:__main__:  Detection parameters: height=0.1, distance=10, prominence=0.05
INFO:__main__:  Flexible filtering: Peak zone=[-0.300-0.601V], Edge margin=0.100V
INFO:__main__:Analysis complete: 2 peaks detected
INFO:werkzeug:127.0.0.1 - - [05/Oct/2025 03:10:41] "POST /api/analyze HTTP/1.1" 200 -
INFO:__main__:Received data keys: ['voltage', 'current', 'method', 'parameters']
INFO:__main__:Data content preview: {'voltage': [-0.40001, -0.390003, -0.379995, -0.369987, -0.359979, -0.349972, -0.339964, -0.329956, -0.319948, -0.30994, -0.299933, -0.289925, -0.279917, -0.269909, -0.259902, -0.249894, -0.239886, -0...
INFO:__main__:Analyzing CV data: 220 points
INFO:__main__:Voltage scan range: -0.400V to 0.701V (total: 1.101V)
INFO:__main__:Peak detection zone: -0.300V to 0.601V (margin: 0.100V)
INFO:__main__:Peak detection summary:
INFO:__main__:  Raw oxidation peaks found: 2
INFO:__main__:  Raw reduction peaks found: 1
INFO:__main__:  Filtered peaks (ferrocyanide range): 2
INFO:__main__:  Detection parameters: height=0.1, distance=10, prominence=0.05
INFO:__main__:  Flexible filtering: Peak zone=[-0.300-0.601V], Edge margin=0.100V
INFO:__main__:Analysis complete: 2 peaks detected
INFO:werkzeug:127.0.0.1 - - [05/Oct/2025 03:10:42] "POST /api/analyze HTTP/1.1" 200 -
INFO:__main__:Received data keys: ['voltage', 'current', 'method', 'parameters']
INFO:__main__:Data content preview: {'voltage': [-0.40001, -0.390003, -0.379995, -0.369987, -0.359979, -0.349972, -0.339964, -0.329956, -0.319948, -0.30994, -0.299933, -0.289925, -0.279917, -0.269909, -0.259902, -0.249894, -0.239886, -0...
INFO:__main__:Analyzing CV data: 220 points
INFO:__main__:Voltage scan range: -0.400V to 0.701V (total: 1.101V)
INFO:__main__:Peak detection zone: -0.300V to 0.601V (margin: 0.100V)
INFO:__main__:Peak detection summary:
INFO:__main__:  Raw oxidation peaks found: 2
INFO:__main__:  Raw reduction peaks found: 1
INFO:__main__:  Filtered peaks (ferrocyanide range): 2
INFO:__main__:  Detection parameters: height=0.1, distance=10, prominence=0.05
INFO:__main__:  Flexible filtering: Peak zone=[-0.300-0.601V], Edge margin=0.100V
INFO:__main__:Analysis complete: 2 peaks detected
INFO:werkzeug:127.0.0.1 - - [05/Oct/2025 03:10:43] "POST /api/analyze HTTP/1.1" 200 -
INFO:__main__:Received data keys: ['voltage', 'current', 'method', 'parameters']
INFO:__main__:Data content preview: {'voltage': [-0.40001, -0.390003, -0.379995, -0.369987, -0.359979, -0.349972, -0.339964, -0.329956, -0.319948, -0.30994, -0.299933, -0.289925, -0.279917, -0.269909, -0.259902, -0.249894, -0.239886, -0...
INFO:__main__:Analyzing CV data: 220 points
INFO:__main__:Voltage scan range: -0.400V to 0.701V (total: 1.101V)
INFO:__main__:Peak detection zone: -0.300V to 0.601V (margin: 0.100V)
INFO:__main__:Peak detection summary:
INFO:__main__:  Raw oxidation peaks found: 2
INFO:__main__:  Raw reduction peaks found: 1
INFO:__main__:  Filtered peaks (ferrocyanide range): 2
INFO:__main__:  Detection parameters: height=0.1, distance=10, prominence=0.05
INFO:__main__:  Flexible filtering: Peak zone=[-0.300-0.601V], Edge margin=0.100V
INFO:__main__:Analysis complete: 2 peaks detected
INFO:werkzeug:127.0.0.1 - - [05/Oct/2025 03:10:44] "POST /api/analyze HTTP/1.1" 200 -
INFO:__main__:Received data keys: ['voltage', 'current', 'method', 'parameters']
INFO:__main__:Data content preview: {'voltage': [-0.40001, -0.390003, -0.379995, -0.369987, -0.359979, -0.349972, -0.339964, -0.329956, -0.319948, -0.30994, -0.299933, -0.289925, -0.279917, -0.269909, -0.259902, -0.249894, -0.239886, -0...
INFO:__main__:Analyzing CV data: 220 points
INFO:__main__:Voltage scan range: -0.400V to 0.701V (total: 1.101V)
INFO:__main__:Peak detection zone: -0.300V to 0.601V (margin: 0.100V)
INFO:__main__:Peak detection summary:
INFO:__main__:  Raw oxidation peaks found: 2
INFO:__main__:  Raw reduction peaks found: 1
INFO:__main__:  Filtered peaks (ferrocyanide range): 2
INFO:__main__:  Detection parameters: height=0.1, distance=10, prominence=0.05
INFO:__main__:  Flexible filtering: Peak zone=[-0.300-0.601V], Edge margin=0.100V
INFO:__main__:Analysis complete: 2 peaks detected
INFO:werkzeug:127.0.0.1 - - [05/Oct/2025 03:10:44] "POST /api/analyze HTTP/1.1" 200 -
INFO:__main__:Received data keys: ['voltage', 'current', 'method', 'parameters']
INFO:__main__:Data content preview: {'voltage': [-0.40001, -0.390003, -0.379995, -0.369987, -0.359979, -0.349972, -0.339964, -0.329956, -0.319948, -0.30994, -0.299933, -0.289925, -0.279917, -0.269909, -0.259902, -0.249894, -0.239886, -0...
INFO:__main__:Analyzing CV data: 220 points
INFO:__main__:Voltage scan range: -0.400V to 0.701V (total: 1.101V)
INFO:__main__:Peak detection zone: -0.300V to 0.601V (margin: 0.100V)
INFO:__main__:Peak detection summary:
INFO:__main__:  Raw oxidation peaks found: 2
INFO:__main__:  Raw reduction peaks found: 1
INFO:__main__:  Filtered peaks (ferrocyanide range): 2
INFO:__main__:  Detection parameters: height=0.1, distance=10, prominence=0.05
INFO:__main__:  Flexible filtering: Peak zone=[-0.300-0.601V], Edge margin=0.100V
INFO:__main__:Analysis complete: 2 peaks detected
INFO:werkzeug:127.0.0.1 - - [05/Oct/2025 03:10:45] "POST /api/analyze HTTP/1.1" 200 -
INFO:__main__:Received data keys: ['voltage', 'current', 'method', 'parameters']
INFO:__main__:Data content preview: {'voltage': [-0.40001, -0.390003, -0.379995, -0.369987, -0.359979, -0.349972, -0.339964, -0.329956, -0.319948, -0.30994, -0.299933, -0.289925, -0.279917, -0.269909, -0.259902, -0.249894, -0.239886, -0...
INFO:__main__:Analyzing CV data: 220 points
INFO:__main__:Voltage scan range: -0.400V to 0.701V (total: 1.101V)
INFO:__main__:Peak detection zone: -0.300V to 0.601V (margin: 0.100V)
INFO:__main__:Peak detection summary:
INFO:__main__:  Raw oxidation peaks found: 2
INFO:__main__:  Raw reduction peaks found: 1
INFO:__main__:  Filtered peaks (ferrocyanide range): 2
INFO:__main__:  Detection parameters: height=0.1, distance=10, prominence=0.05
INFO:__main__:  Flexible filtering: Peak zone=[-0.300-0.601V], Edge margin=0.100V
INFO:__main__:Analysis complete: 2 peaks detected
INFO:werkzeug:127.0.0.1 - - [05/Oct/2025 03:10:45] "POST /api/analyze HTTP/1.1" 200 -
INFO:__main__:Received data keys: ['voltage', 'current', 'method', 'parameters']
INFO:__main__:Data content preview: {'voltage': [-0.40001, -0.390003, -0.379995, -0.369987, -0.359979, -0.349972, -0.339964, -0.329956, -0.319948, -0.30994, -0.299933, -0.289925, -0.279917, -0.269909, -0.259902, -0.249894, -0.239886, -0...
INFO:__main__:Analyzing CV data: 220 points
INFO:__main__:Voltage scan range: -0.400V to 0.701V (total: 1.101V)
INFO:__main__:Peak detection zone: -0.300V to 0.601V (margin: 0.100V)
INFO:__main__:Peak detection summary:
INFO:__main__:  Raw oxidation peaks found: 2
INFO:__main__:  Raw reduction peaks found: 1
INFO:__main__:  Filtered peaks (ferrocyanide range): 2
INFO:__main__:  Detection parameters: height=0.1, distance=10, prominence=0.05
INFO:__main__:  Flexible filtering: Peak zone=[-0.300-0.601V], Edge margin=0.100V
INFO:__main__:Analysis complete: 2 peaks detected
INFO:werkzeug:127.0.0.1 - - [05/Oct/2025 03:10:46] "POST /api/analyze HTTP/1.1" 200 -
INFO:__main__:Received data keys: ['voltage', 'current', 'method', 'parameters']
INFO:__main__:Data content preview: {'voltage': [-0.40001, -0.390003, -0.379995, -0.369987, -0.359979, -0.349972, -0.339964, -0.329956, -0.319948, -0.30994, -0.299933, -0.289925, -0.279917, -0.269909, -0.259902, -0.249894, -0.239886, -0...
INFO:__main__:Analyzing CV data: 220 points
INFO:__main__:Voltage scan range: -0.400V to 0.701V (total: 1.101V)
INFO:__main__:Peak detection zone: -0.300V to 0.601V (margin: 0.100V)
INFO:__main__:Peak detection summary:
INFO:__main__:  Raw oxidation peaks found: 2
INFO:__main__:  Raw reduction peaks found: 1
INFO:__main__:  Filtered peaks (ferrocyanide range): 2
INFO:__main__:  Detection parameters: height=0.1, distance=10, prominence=0.05
INFO:__main__:  Flexible filtering: Peak zone=[-0.300-0.601V], Edge margin=0.100V
INFO:__main__:Analysis complete: 2 peaks detected
INFO:werkzeug:127.0.0.1 - - [05/Oct/2025 03:10:46] "POST /api/analyze HTTP/1.1" 200 -
INFO:__main__:Received data keys: ['voltage', 'current', 'method', 'parameters']
INFO:__main__:Data content preview: {'voltage': [-0.40001, -0.390003, -0.379995, -0.369987, -0.359979, -0.349972, -0.339964, -0.329956, -0.319948, -0.30994, -0.299933, -0.289925, -0.279917, -0.269909, -0.259902, -0.249894, -0.239886, -0...
INFO:__main__:Analyzing CV data: 220 points
INFO:__main__:Voltage scan range: -0.400V to 0.701V (total: 1.101V)
INFO:__main__:Peak detection zone: -0.300V to 0.601V (margin: 0.100V)
INFO:__main__:Peak detection summary:
INFO:__main__:  Raw oxidation peaks found: 2
INFO:__main__:  Raw reduction peaks found: 1
INFO:__main__:  Filtered peaks (ferrocyanide range): 2
INFO:__main__:  Detection parameters: height=0.1, distance=10, prominence=0.05
INFO:__main__:  Flexible filtering: Peak zone=[-0.300-0.601V], Edge margin=0.100V
INFO:__main__:Analysis complete: 2 peaks detected
INFO:werkzeug:127.0.0.1 - - [05/Oct/2025 03:10:47] "POST /api/analyze HTTP/1.1" 200 -
INFO:__main__:Received data keys: ['voltage', 'current', 'method', 'parameters']
INFO:__main__:Data content preview: {'voltage': [-0.40001, -0.390003, -0.379995, -0.369987, -0.359979, -0.349972, -0.339964, -0.329956, -0.319948, -0.30994, -0.299933, -0.289925, -0.279917, -0.269909, -0.259902, -0.249894, -0.239886, -0...
INFO:__main__:Analyzing CV data: 220 points
INFO:__main__:Voltage scan range: -0.400V to 0.701V (total: 1.101V)
INFO:__main__:Peak detection zone: -0.300V to 0.601V (margin: 0.100V)
INFO:__main__:Peak detection summary:
INFO:__main__:  Raw oxidation peaks found: 2
INFO:__main__:  Raw reduction peaks found: 1
INFO:__main__:  Filtered peaks (ferrocyanide range): 2
INFO:__main__:  Detection parameters: height=0.1, distance=10, prominence=0.05
INFO:__main__:  Flexible filtering: Peak zone=[-0.300-0.601V], Edge margin=0.100V
INFO:__main__:Analysis complete: 2 peaks detected
INFO:werkzeug:127.0.0.1 - - [05/Oct/2025 03:10:47] "POST /api/analyze HTTP/1.1" 200 -
INFO:__main__:Received data keys: ['voltage', 'current', 'method', 'parameters']
INFO:__main__:Data content preview: {'voltage': [-0.40001, -0.390003, -0.379995, -0.369987, -0.359979, -0.349972, -0.339964, -0.329956, -0.319948, -0.30994, -0.299933, -0.289925, -0.279917, -0.269909, -0.259902, -0.249894, -0.239886, -0...
INFO:__main__:Analyzing CV data: 220 points
INFO:__main__:Voltage scan range: -0.400V to 0.701V (total: 1.101V)
INFO:__main__:Peak detection zone: -0.300V to 0.601V (margin: 0.100V)
INFO:__main__:Peak detection summary:
INFO:__main__:  Raw oxidation peaks found: 2
INFO:__main__:  Raw reduction peaks found: 1
INFO:__main__:  Filtered peaks (ferrocyanide range): 2
INFO:__main__:  Detection parameters: height=0.1, distance=10, prominence=0.05
INFO:__main__:  Flexible filtering: Peak zone=[-0.300-0.601V], Edge margin=0.100V
INFO:__main__:Analysis complete: 2 peaks detected
INFO:werkzeug:127.0.0.1 - - [05/Oct/2025 03:10:48] "POST /api/analyze HTTP/1.1" 200 -
INFO:__main__:Received data keys: ['voltage', 'current', 'method', 'parameters']
INFO:__main__:Data content preview: {'voltage': [-0.40001, -0.390003, -0.379995, -0.369987, -0.359979, -0.349972, -0.339964, -0.329956, -0.319948, -0.30994, -0.299933, -0.289925, -0.279917, -0.269909, -0.259902, -0.249894, -0.239886, -0...
INFO:__main__:Analyzing CV data: 220 points
INFO:__main__:Voltage scan range: -0.400V to 0.701V (total: 1.101V)
INFO:__main__:Peak detection zone: -0.300V to 0.601V (margin: 0.100V)
INFO:__main__:Peak detection summary:
INFO:__main__:  Raw oxidation peaks found: 2
INFO:__main__:  Raw reduction peaks found: 1
INFO:__main__:  Filtered peaks (ferrocyanide range): 2
INFO:__main__:  Detection parameters: height=0.1, distance=10, prominence=0.05
INFO:__main__:  Flexible filtering: Peak zone=[-0.300-0.601V], Edge margin=0.100V
INFO:__main__:Analysis complete: 2 peaks detected
INFO:werkzeug:127.0.0.1 - - [05/Oct/2025 03:10:48] "POST /api/analyze HTTP/1.1" 200 -
INFO:__main__:Received data keys: ['voltage', 'current', 'method', 'parameters']
INFO:__main__:Data content preview: {'voltage': [-0.40001, -0.390003, -0.379995, -0.369987, -0.359979, -0.349972, -0.339964, -0.329956, -0.319948, -0.30994, -0.299933, -0.289925, -0.279917, -0.269909, -0.259902, -0.249894, -0.239886, -0...
INFO:__main__:Analyzing CV data: 221 points
INFO:__main__:Voltage scan range: -0.400V to 0.701V (total: 1.101V)
INFO:__main__:Peak detection zone: -0.300V to 0.601V (margin: 0.100V)
INFO:__main__:Peak detection summary:
INFO:__main__:  Raw oxidation peaks found: 2
INFO:__main__:  Raw reduction peaks found: 1
INFO:__main__:  Filtered peaks (ferrocyanide range): 2
INFO:__main__:  Detection parameters: height=0.1, distance=10, prominence=0.05
INFO:__main__:  Flexible filtering: Peak zone=[-0.300-0.601V], Edge margin=0.100V
INFO:__main__:Analysis complete: 2 peaks detected
INFO:werkzeug:127.0.0.1 - - [05/Oct/2025 03:10:49] "POST /api/analyze HTTP/1.1" 200 -
INFO:__main__:Received data keys: ['voltage', 'current', 'method', 'parameters']
INFO:__main__:Data content preview: {'voltage': [-0.40001, -0.390003, -0.379995, -0.369987, -0.359979, -0.349972, -0.339964, -0.329956, -0.319948, -0.30994, -0.299933, -0.289925, -0.279917, -0.269909, -0.259902, -0.249894, -0.239886, -0...
INFO:__main__:Analyzing CV data: 221 points
INFO:__main__:Voltage scan range: -0.400V to 0.701V (total: 1.101V)
INFO:__main__:Peak detection zone: -0.300V to 0.601V (margin: 0.100V)
INFO:__main__:Peak detection summary:
INFO:__main__:  Raw oxidation peaks found: 2
INFO:__main__:  Raw reduction peaks found: 1
INFO:__main__:  Filtered peaks (ferrocyanide range): 2
INFO:__main__:  Detection parameters: height=0.1, distance=10, prominence=0.05
INFO:__main__:  Flexible filtering: Peak zone=[-0.300-0.601V], Edge margin=0.100V
INFO:__main__:Analysis complete: 2 peaks detected
INFO:werkzeug:127.0.0.1 - - [05/Oct/2025 03:10:49] "POST /api/analyze HTTP/1.1" 200 -
INFO:__main__:Received data keys: ['voltage', 'current', 'method', 'parameters']
INFO:__main__:Data content preview: {'voltage': [-0.40001, -0.390003, -0.379995, -0.369987, -0.359979, -0.349972, -0.339964, -0.329956, -0.319948, -0.30994, -0.299933, -0.289925, -0.279917, -0.269909, -0.259902, -0.249894, -0.239886, -0...
INFO:__main__:Analyzing CV data: 220 points
INFO:__main__:Voltage scan range: -0.400V to 0.701V (total: 1.101V)
INFO:__main__:Peak detection zone: -0.300V to 0.601V (margin: 0.100V)
INFO:__main__:Peak detection summary:
INFO:__main__:  Raw oxidation peaks found: 2
INFO:__main__:  Raw reduction peaks found: 1
INFO:__main__:  Filtered peaks (ferrocyanide range): 2
INFO:__main__:  Detection parameters: height=0.1, distance=10, prominence=0.05
INFO:__main__:  Flexible filtering: Peak zone=[-0.300-0.601V], Edge margin=0.100V
INFO:__main__:Analysis complete: 2 peaks detected
INFO:werkzeug:127.0.0.1 - - [05/Oct/2025 03:10:50] "POST /api/analyze HTTP/1.1" 200 -
INFO:__main__:Received data keys: ['voltage', 'current', 'method', 'parameters']
INFO:__main__:Data content preview: {'voltage': [-0.40001, -0.390003, -0.379995, -0.369987, -0.359979, -0.349972, -0.339964, -0.329956, -0.319948, -0.30994, -0.299933, -0.289925, -0.279917, -0.269909, -0.259902, -0.249894, -0.239886, -0...
INFO:__main__:Analyzing CV data: 220 points
INFO:__main__:Voltage scan range: -0.400V to 0.701V (total: 1.101V)
INFO:__main__:Peak detection zone: -0.300V to 0.601V (margin: 0.100V)
INFO:__main__:Peak detection summary:
INFO:__main__:  Raw oxidation peaks found: 2
INFO:__main__:  Raw reduction peaks found: 1
INFO:__main__:  Filtered peaks (ferrocyanide range): 2
INFO:__main__:  Detection parameters: height=0.1, distance=10, prominence=0.05
INFO:__main__:  Flexible filtering: Peak zone=[-0.300-0.601V], Edge margin=0.100V
INFO:__main__:Analysis complete: 2 peaks detected
INFO:werkzeug:127.0.0.1 - - [05/Oct/2025 03:10:50] "POST /api/analyze HTTP/1.1" 200 -
INFO:__main__:Received data keys: ['voltage', 'current', 'method', 'parameters']
INFO:__main__:Data content preview: {'voltage': [-0.40001, -0.390003, -0.379995, -0.369987, -0.359979, -0.349972, -0.339964, -0.329956, -0.319948, -0.30994, -0.299933, -0.289925, -0.279917, -0.269909, -0.259902, -0.249894, -0.239886, -0...
INFO:__main__:Analyzing CV data: 220 points
INFO:__main__:Voltage scan range: -0.400V to 0.701V (total: 1.101V)
INFO:__main__:Peak detection zone: -0.300V to 0.601V (margin: 0.100V)
INFO:__main__:Peak detection summary:
INFO:__main__:  Raw oxidation peaks found: 2
INFO:__main__:  Raw reduction peaks found: 1
INFO:__main__:  Filtered peaks (ferrocyanide range): 2
INFO:__main__:  Detection parameters: height=0.1, distance=10, prominence=0.05
INFO:__main__:  Flexible filtering: Peak zone=[-0.300-0.601V], Edge margin=0.100V
INFO:__main__:Analysis complete: 2 peaks detected
INFO:werkzeug:127.0.0.1 - - [05/Oct/2025 03:10:51] "POST /api/analyze HTTP/1.1" 200 -
INFO:__main__:Received data keys: ['voltage', 'current', 'method', 'parameters']
INFO:__main__:Data content preview: {'voltage': [-0.40001, -0.390003, -0.379995, -0.369987, -0.359979, -0.349972, -0.339964, -0.329956, -0.319948, -0.30994, -0.299933, -0.289925, -0.279917, -0.269909, -0.259902, -0.249894, -0.239886, -0...
INFO:__main__:Analyzing CV data: 220 points
INFO:__main__:Voltage scan range: -0.400V to 0.701V (total: 1.101V)
INFO:__main__:Peak detection zone: -0.300V to 0.601V (margin: 0.100V)
INFO:__main__:Peak detection summary:
INFO:__main__:  Raw oxidation peaks found: 2
INFO:__main__:  Raw reduction peaks found: 1
INFO:__main__:  Filtered peaks (ferrocyanide range): 2
INFO:__main__:  Detection parameters: height=0.1, distance=10, prominence=0.05
INFO:__main__:  Flexible filtering: Peak zone=[-0.300-0.601V], Edge margin=0.100V
INFO:__main__:Analysis complete: 2 peaks detected
INFO:werkzeug:127.0.0.1 - - [05/Oct/2025 03:10:51] "POST /api/analyze HTTP/1.1" 200 -
INFO:__main__:Received data keys: ['voltage', 'current', 'method', 'parameters']
INFO:__main__:Data content preview: {'voltage': [-0.40001, -0.390003, -0.379995, -0.369987, -0.359979, -0.349972, -0.339964, -0.329956, -0.319948, -0.30994, -0.299933, -0.289925, -0.279917, -0.269909, -0.259902, -0.249894, -0.239886, -0...
INFO:__main__:Analyzing CV data: 221 points
INFO:__main__:Voltage scan range: -0.400V to 0.701V (total: 1.101V)
INFO:__main__:Peak detection zone: -0.300V to 0.601V (margin: 0.100V)
INFO:__main__:Peak detection summary:
INFO:__main__:  Raw oxidation peaks found: 1
INFO:__main__:  Raw reduction peaks found: 1
INFO:__main__:  Filtered peaks (ferrocyanide range): 2
INFO:__main__:  Detection parameters: height=0.1, distance=10, prominence=0.05
INFO:__main__:  Flexible filtering: Peak zone=[-0.300-0.601V], Edge margin=0.100V
INFO:__main__:Analysis complete: 2 peaks detected
INFO:werkzeug:127.0.0.1 - - [05/Oct/2025 03:10:52] "POST /api/analyze HTTP/1.1" 200 -
INFO:__main__:Received data keys: ['voltage', 'current', 'method', 'parameters']
INFO:__main__:Data content preview: {'voltage': [-0.40001, -0.390003, -0.379995, -0.369987, -0.359979, -0.349972, -0.339964, -0.329956, -0.319948, -0.30994, -0.299933, -0.289925, -0.279917, -0.269909, -0.259902, -0.249894, -0.239886, -0...
INFO:__main__:Analyzing CV data: 220 points
INFO:__main__:Voltage scan range: -0.400V to 0.701V (total: 1.101V)
INFO:__main__:Peak detection zone: -0.300V to 0.601V (margin: 0.100V)
INFO:__main__:Peak detection summary:
INFO:__main__:  Raw oxidation peaks found: 2
INFO:__main__:  Raw reduction peaks found: 1
INFO:__main__:  Filtered peaks (ferrocyanide range): 2
INFO:__main__:  Detection parameters: height=0.1, distance=10, prominence=0.05
INFO:__main__:  Flexible filtering: Peak zone=[-0.300-0.601V], Edge margin=0.100V
INFO:__main__:Analysis complete: 2 peaks detected
INFO:werkzeug:127.0.0.1 - - [05/Oct/2025 03:10:52] "POST /api/analyze HTTP/1.1" 200 -
INFO:__main__:Received data keys: ['voltage', 'current', 'method', 'parameters']
INFO:__main__:Data content preview: {'voltage': [-0.40001, -0.390003, -0.379995, -0.369987, -0.359979, -0.349972, -0.339964, -0.329956, -0.319948, -0.30994, -0.299933, -0.289925, -0.279917, -0.269909, -0.259902, -0.249894, -0.239886, -0...
INFO:__main__:Analyzing CV data: 220 points
INFO:__main__:Voltage scan range: -0.400V to 0.701V (total: 1.101V)
INFO:__main__:Peak detection zone: -0.300V to 0.601V (margin: 0.100V)
INFO:__main__:Peak detection summary:
INFO:__main__:  Raw oxidation peaks found: 2
INFO:__main__:  Raw reduction peaks found: 1
INFO:__main__:  Filtered peaks (ferrocyanide range): 2
INFO:__main__:  Detection parameters: height=0.1, distance=10, prominence=0.05
INFO:__main__:  Flexible filtering: Peak zone=[-0.300-0.601V], Edge margin=0.100V
INFO:__main__:Analysis complete: 2 peaks detected
INFO:werkzeug:127.0.0.1 - - [05/Oct/2025 03:10:52] "POST /api/analyze HTTP/1.1" 200 -
INFO:__main__:Received data keys: ['voltage', 'current', 'method', 'parameters']
INFO:__main__:Data content preview: {'voltage': [-0.40001, -0.390003, -0.379995, -0.369987, -0.359979, -0.349972, -0.339964, -0.329956, -0.319948, -0.30994, -0.299933, -0.289925, -0.279917, -0.269909, -0.259902, -0.249894, -0.239886, -0...
INFO:__main__:Analyzing CV data: 220 points
INFO:__main__:Voltage scan range: -0.400V to 0.701V (total: 1.101V)
INFO:__main__:Peak detection zone: -0.300V to 0.601V (margin: 0.100V)
INFO:__main__:Peak detection summary:
INFO:__main__:  Raw oxidation peaks found: 2
INFO:__main__:  Raw reduction peaks found: 1
INFO:__main__:  Filtered peaks (ferrocyanide range): 2
INFO:__main__:  Detection parameters: height=0.1, distance=10, prominence=0.05
INFO:__main__:  Flexible filtering: Peak zone=[-0.300-0.601V], Edge margin=0.100V
INFO:__main__:Analysis complete: 2 peaks detected
INFO:werkzeug:127.0.0.1 - - [05/Oct/2025 03:10:53] "POST /api/analyze HTTP/1.1" 200 -
INFO:__main__:Received data keys: ['voltage', 'current', 'method', 'parameters']
INFO:__main__:Data content preview: {'voltage': [-0.40001, -0.390003, -0.379995, -0.369987, -0.359979, -0.349972, -0.339964, -0.329956, -0.319948, -0.30994, -0.299933, -0.289925, -0.279917, -0.269909, -0.259902, -0.249894, -0.239886, -0...
INFO:__main__:Analyzing CV data: 220 points
INFO:__main__:Voltage scan range: -0.400V to 0.701V (total: 1.101V)
INFO:__main__:Peak detection zone: -0.300V to 0.601V (margin: 0.100V)
INFO:__main__:Peak detection summary:
INFO:__main__:  Raw oxidation peaks found: 2
INFO:__main__:  Raw reduction peaks found: 1
INFO:__main__:  Filtered peaks (ferrocyanide range): 2
INFO:__main__:  Detection parameters: height=0.1, distance=10, prominence=0.05
INFO:__main__:  Flexible filtering: Peak zone=[-0.300-0.601V], Edge margin=0.100V
INFO:__main__:Analysis complete: 2 peaks detected
INFO:werkzeug:127.0.0.1 - - [05/Oct/2025 03:10:53] "POST /api/analyze HTTP/1.1" 200 -
INFO:__main__:Received data keys: ['voltage', 'current', 'method', 'parameters']
INFO:__main__:Data content preview: {'voltage': [-0.40001, -0.390003, -0.379995, -0.369987, -0.359979, -0.349972, -0.339964, -0.329956, -0.319948, -0.30994, -0.299933, -0.289925, -0.279917, -0.269909, -0.259902, -0.249894, -0.239886, -0...
INFO:__main__:Analyzing CV data: 220 points
INFO:__main__:Voltage scan range: -0.400V to 0.701V (total: 1.101V)
INFO:__main__:Peak detection zone: -0.300V to 0.601V (margin: 0.100V)
INFO:__main__:Peak detection summary:
INFO:__main__:  Raw oxidation peaks found: 2
INFO:__main__:  Raw reduction peaks found: 1
INFO:__main__:  Filtered peaks (ferrocyanide range): 2
INFO:__main__:  Detection parameters: height=0.1, distance=10, prominence=0.05
INFO:__main__:  Flexible filtering: Peak zone=[-0.300-0.601V], Edge margin=0.100V
INFO:__main__:Analysis complete: 2 peaks detected
INFO:werkzeug:127.0.0.1 - - [05/Oct/2025 03:10:54] "POST /api/analyze HTTP/1.1" 200 -
INFO:__main__:Received data keys: ['voltage', 'current', 'method', 'parameters']
INFO:__main__:Data content preview: {'voltage': [-0.40001, -0.390003, -0.379995, -0.369987, -0.359979, -0.349972, -0.339964, -0.329956, -0.319948, -0.30994, -0.299933, -0.289925, -0.279917, -0.269909, -0.259902, -0.249894, -0.239886, -0...
INFO:__main__:Analyzing CV data: 220 points
INFO:__main__:Voltage scan range: -0.400V to 0.701V (total: 1.101V)
INFO:__main__:Peak detection zone: -0.300V to 0.601V (margin: 0.100V)
INFO:__main__:Peak detection summary:
INFO:__main__:  Raw oxidation peaks found: 2
INFO:__main__:  Raw reduction peaks found: 1
INFO:__main__:  Filtered peaks (ferrocyanide range): 2
INFO:__main__:  Detection parameters: height=0.1, distance=10, prominence=0.05
INFO:__main__:  Flexible filtering: Peak zone=[-0.300-0.601V], Edge margin=0.100V
INFO:__main__:Analysis complete: 2 peaks detected
INFO:werkzeug:127.0.0.1 - - [05/Oct/2025 03:10:56] "POST /api/analyze HTTP/1.1" 200 -
INFO:__main__:Received data keys: ['voltage', 'current', 'method', 'parameters']
INFO:__main__:Data content preview: {'voltage': [-0.40001, -0.390003, -0.379995, -0.369987, -0.359979, -0.349972, -0.339964, -0.329956, -0.319948, -0.30994, -0.299933, -0.289925, -0.279917, -0.269909, -0.259902, -0.249894, -0.239886, -0...
INFO:__main__:Analyzing CV data: 220 points
INFO:__main__:Voltage scan range: -0.400V to 0.701V (total: 1.101V)
INFO:__main__:Peak detection zone: -0.300V to 0.601V (margin: 0.100V)
INFO:__main__:Peak detection summary:
INFO:__main__:  Raw oxidation peaks found: 2
INFO:__main__:  Raw reduction peaks found: 1
INFO:__main__:  Filtered peaks (ferrocyanide range): 2
INFO:__main__:  Detection parameters: height=0.1, distance=10, prominence=0.05
INFO:__main__:  Flexible filtering: Peak zone=[-0.300-0.601V], Edge margin=0.100V
INFO:__main__:Analysis complete: 2 peaks detected
INFO:werkzeug:127.0.0.1 - - [05/Oct/2025 03:10:56] "POST /api/analyze HTTP/1.1" 200 -
INFO:__main__:Received data keys: ['voltage', 'current', 'method', 'parameters']
INFO:__main__:Data content preview: {'voltage': [-0.40001, -0.390003, -0.379995, -0.369987, -0.359979, -0.349972, -0.339964, -0.329956, -0.319948, -0.30994, -0.299933, -0.289925, -0.279917, -0.269909, -0.259902, -0.249894, -0.239886, -0...
INFO:__main__:Analyzing CV data: 220 points
INFO:__main__:Voltage scan range: -0.400V to 0.701V (total: 1.101V)
INFO:__main__:Peak detection zone: -0.300V to 0.601V (margin: 0.100V)
INFO:__main__:Peak detection summary:
INFO:__main__:  Raw oxidation peaks found: 2
INFO:__main__:  Raw reduction peaks found: 1
INFO:__main__:  Filtered peaks (ferrocyanide range): 2
INFO:__main__:  Detection parameters: height=0.1, distance=10, prominence=0.05
INFO:__main__:  Flexible filtering: Peak zone=[-0.300-0.601V], Edge margin=0.100V
INFO:__main__:Analysis complete: 2 peaks detected
INFO:werkzeug:127.0.0.1 - - [05/Oct/2025 03:10:57] "POST /api/analyze HTTP/1.1" 200 -
INFO:__main__:Received data keys: ['voltage', 'current', 'method', 'parameters']
INFO:__main__:Data content preview: {'voltage': [-0.40001, -0.390003, -0.379995, -0.369987, -0.359979, -0.349972, -0.339964, -0.329956, -0.319948, -0.30994, -0.299933, -0.289925, -0.279917, -0.269909, -0.259902, -0.249894, -0.239886, -0...
INFO:__main__:Analyzing CV data: 220 points
INFO:__main__:Voltage scan range: -0.400V to 0.701V (total: 1.101V)
INFO:__main__:Peak detection zone: -0.300V to 0.601V (margin: 0.100V)
INFO:__main__:Peak detection summary:
INFO:__main__:  Raw oxidation peaks found: 2
INFO:__main__:  Raw reduction peaks found: 1
INFO:__main__:  Filtered peaks (ferrocyanide range): 2
INFO:__main__:  Detection parameters: height=0.1, distance=10, prominence=0.05
INFO:__main__:  Flexible filtering: Peak zone=[-0.300-0.601V], Edge margin=0.100V
INFO:__main__:Analysis complete: 2 peaks detected
INFO:werkzeug:127.0.0.1 - - [05/Oct/2025 03:10:57] "POST /api/analyze HTTP/1.1" 200 -
INFO:__main__:Received data keys: ['voltage', 'current', 'method', 'parameters']
INFO:__main__:Data content preview: {'voltage': [-0.40001, -0.390003, -0.379995, -0.369987, -0.359979, -0.349972, -0.339964, -0.329956, -0.319948, -0.30994, -0.299933, -0.289925, -0.279917, -0.269909, -0.259902, -0.249894, -0.239886, -0...
INFO:__main__:Analyzing CV data: 221 points
INFO:__main__:Voltage scan range: -0.400V to 0.701V (total: 1.101V)
INFO:__main__:Peak detection zone: -0.300V to 0.601V (margin: 0.100V)
INFO:__main__:Peak detection summary:
INFO:__main__:  Raw oxidation peaks found: 1
INFO:__main__:  Raw reduction peaks found: 1
INFO:__main__:  Filtered peaks (ferrocyanide range): 2
INFO:__main__:  Detection parameters: height=0.1, distance=10, prominence=0.05
INFO:__main__:  Flexible filtering: Peak zone=[-0.300-0.601V], Edge margin=0.100V
INFO:__main__:Analysis complete: 2 peaks detected
INFO:werkzeug:127.0.0.1 - - [05/Oct/2025 03:10:57] "POST /api/analyze HTTP/1.1" 200 -
INFO:__main__:Received data keys: ['voltage', 'current', 'method', 'parameters']
INFO:__main__:Data content preview: {'voltage': [-0.40001, -0.390003, -0.379995, -0.369987, -0.359979, -0.349972, -0.339964, -0.329956, -0.319948, -0.30994, -0.299933, -0.289925, -0.279917, -0.269909, -0.259902, -0.249894, -0.239886, -0...
INFO:__main__:Analyzing CV data: 220 points
INFO:__main__:Voltage scan range: -0.400V to 0.701V (total: 1.101V)
INFO:__main__:Peak detection zone: -0.300V to 0.601V (margin: 0.100V)
INFO:__main__:Peak detection summary:
INFO:__main__:  Raw oxidation peaks found: 2
INFO:__main__:  Raw reduction peaks found: 1
INFO:__main__:  Filtered peaks (ferrocyanide range): 2
INFO:__main__:  Detection parameters: height=0.1, distance=10, prominence=0.05
INFO:__main__:  Flexible filtering: Peak zone=[-0.300-0.601V], Edge margin=0.100V
INFO:__main__:Analysis complete: 2 peaks detected
INFO:werkzeug:127.0.0.1 - - [05/Oct/2025 03:13:21] "POST /api/analyze HTTP/1.1" 200 -
INFO:__main__:Received data keys: ['voltage', 'current', 'method', 'parameters']
INFO:__main__:Data content preview: {'voltage': [-0.40001, -0.390003, -0.379995, -0.369987, -0.359979, -0.349972, -0.339964, -0.329956, -0.319948, -0.30994, -0.299933, -0.289925, -0.279917, -0.269909, -0.259902, -0.249894, -0.239886, -0...
INFO:__main__:Analyzing CV data: 221 points
INFO:__main__:Voltage scan range: -0.400V to 0.701V (total: 1.101V)
INFO:__main__:Peak detection zone: -0.300V to 0.601V (margin: 0.100V)
INFO:__main__:Peak detection summary:
INFO:__main__:  Raw oxidation peaks found: 2
INFO:__main__:  Raw reduction peaks found: 1
INFO:__main__:  Filtered peaks (ferrocyanide range): 2
INFO:__main__:  Detection parameters: height=0.1, distance=10, prominence=0.05
INFO:__main__:  Flexible filtering: Peak zone=[-0.300-0.601V], Edge margin=0.100V
INFO:__main__:Analysis complete: 2 peaks detected
INFO:werkzeug:127.0.0.1 - - [05/Oct/2025 03:13:23] "POST /api/analyze HTTP/1.1" 200 -
INFO:__main__:Received data keys: ['voltage', 'current', 'method', 'parameters']
INFO:__main__:Data content preview: {'voltage': [-0.40001, -0.390003, -0.379995, -0.369987, -0.359979, -0.349972, -0.339964, -0.329956, -0.319948, -0.30994, -0.299933, -0.289925, -0.279917, -0.269909, -0.259902, -0.249894, -0.239886, -0...
INFO:__main__:Analyzing CV data: 220 points
INFO:__main__:Voltage scan range: -0.400V to 0.701V (total: 1.101V)
INFO:__main__:Peak detection zone: -0.300V to 0.601V (margin: 0.100V)
INFO:__main__:Peak detection summary:
INFO:__main__:  Raw oxidation peaks found: 2
INFO:__main__:  Raw reduction peaks found: 1
INFO:__main__:  Filtered peaks (ferrocyanide range): 2
INFO:__main__:  Detection parameters: height=0.1, distance=10, prominence=0.05
INFO:__main__:  Flexible filtering: Peak zone=[-0.300-0.601V], Edge margin=0.100V
INFO:__main__:Analysis complete: 2 peaks detected
INFO:werkzeug:127.0.0.1 - - [05/Oct/2025 03:13:23] "POST /api/analyze HTTP/1.1" 200 -
INFO:__main__:Received data keys: ['voltage', 'current', 'method', 'parameters']
INFO:__main__:Data content preview: {'voltage': [-0.40001, -0.390003, -0.379995, -0.369987, -0.359979, -0.349972, -0.339964, -0.329956, -0.319948, -0.30994, -0.299933, -0.289925, -0.279917, -0.269909, -0.259902, -0.249894, -0.239886, -0...
INFO:__main__:Analyzing CV data: 220 points
INFO:__main__:Voltage scan range: -0.400V to 0.701V (total: 1.101V)
INFO:__main__:Peak detection zone: -0.300V to 0.601V (margin: 0.100V)
INFO:__main__:Peak detection summary:
INFO:__main__:  Raw oxidation peaks found: 2
INFO:__main__:  Raw reduction peaks found: 1
INFO:__main__:  Filtered peaks (ferrocyanide range): 2
INFO:__main__:  Detection parameters: height=0.1, distance=10, prominence=0.05
INFO:__main__:  Flexible filtering: Peak zone=[-0.300-0.601V], Edge margin=0.100V
INFO:__main__:Analysis complete: 2 peaks detected
INFO:werkzeug:127.0.0.1 - - [05/Oct/2025 03:13:24] "POST /api/analyze HTTP/1.1" 200 -
INFO:__main__:Received data keys: ['voltage', 'current', 'method', 'parameters']
INFO:__main__:Data content preview: {'voltage': [-0.40001, -0.390003, -0.379995, -0.369987, -0.359979, -0.349972, -0.339964, -0.329956, -0.319948, -0.30994, -0.299933, -0.289925, -0.279917, -0.269909, -0.259902, -0.249894, -0.239886, -0...
INFO:__main__:Analyzing CV data: 221 points
INFO:__main__:Voltage scan range: -0.400V to 0.701V (total: 1.101V)
INFO:__main__:Peak detection zone: -0.300V to 0.601V (margin: 0.100V)
INFO:__main__:Peak detection summary:
INFO:__main__:  Raw oxidation peaks found: 2
INFO:__main__:  Raw reduction peaks found: 1
INFO:__main__:  Filtered peaks (ferrocyanide range): 2
INFO:__main__:  Detection parameters: height=0.1, distance=10, prominence=0.05
INFO:__main__:  Flexible filtering: Peak zone=[-0.300-0.601V], Edge margin=0.100V
INFO:__main__:Analysis complete: 2 peaks detected
INFO:werkzeug:127.0.0.1 - - [05/Oct/2025 03:13:24] "POST /api/analyze HTTP/1.1" 200 -
INFO:__main__:Received data keys: ['voltage', 'current', 'method', 'parameters']
INFO:__main__:Data content preview: {'voltage': [-0.40001, -0.390003, -0.379995, -0.369987, -0.359979, -0.349972, -0.339964, -0.329956, -0.319948, -0.30994, -0.299933, -0.289925, -0.279917, -0.269909, -0.259902, -0.249894, -0.239886, -0...
INFO:__main__:Analyzing CV data: 220 points
INFO:__main__:Voltage scan range: -0.400V to 0.701V (total: 1.101V)
INFO:__main__:Peak detection zone: -0.300V to 0.601V (margin: 0.100V)
INFO:__main__:Peak detection summary:
INFO:__main__:  Raw oxidation peaks found: 2
INFO:__main__:  Raw reduction peaks found: 1
INFO:__main__:  Filtered peaks (ferrocyanide range): 2
INFO:__main__:  Detection parameters: height=0.1, distance=10, prominence=0.05
INFO:__main__:  Flexible filtering: Peak zone=[-0.300-0.601V], Edge margin=0.100V
INFO:__main__:Analysis complete: 2 peaks detected
INFO:werkzeug:127.0.0.1 - - [05/Oct/2025 03:13:24] "POST /api/analyze HTTP/1.1" 200 -
INFO:__main__:Received data keys: ['voltage', 'current', 'method', 'parameters']
INFO:__main__:Data content preview: {'voltage': [-0.40001, -0.390003, -0.379995, -0.369987, -0.359979, -0.349972, -0.339964, -0.329956, -0.319948, -0.30994, -0.299933, -0.289925, -0.279917, -0.269909, -0.259902, -0.249894, -0.239886, -0...
INFO:__main__:Analyzing CV data: 220 points
INFO:__main__:Voltage scan range: -0.400V to 0.701V (total: 1.101V)
INFO:__main__:Peak detection zone: -0.300V to 0.601V (margin: 0.100V)
INFO:__main__:Peak detection summary:
INFO:__main__:  Raw oxidation peaks found: 2
INFO:__main__:  Raw reduction peaks found: 1
INFO:__main__:  Filtered peaks (ferrocyanide range): 2
INFO:__main__:  Detection parameters: height=0.1, distance=10, prominence=0.05
INFO:__main__:  Flexible filtering: Peak zone=[-0.300-0.601V], Edge margin=0.100V
INFO:__main__:Analysis complete: 2 peaks detected
INFO:werkzeug:127.0.0.1 - - [05/Oct/2025 03:13:24] "POST /api/analyze HTTP/1.1" 200 -
INFO:__main__:Received data keys: ['voltage', 'current', 'method', 'parameters']
INFO:__main__:Data content preview: {'voltage': [-0.40001, -0.390003, -0.379995, -0.369987, -0.359979, -0.349972, -0.339964, -0.329956, -0.319948, -0.30994, -0.299933, -0.289925, -0.279917, -0.269909, -0.259902, -0.249894, -0.239886, -0...
INFO:__main__:Analyzing CV data: 220 points
INFO:__main__:Voltage scan range: -0.400V to 0.701V (total: 1.101V)
INFO:__main__:Peak detection zone: -0.300V to 0.601V (margin: 0.100V)
INFO:__main__:Peak detection summary:
INFO:__main__:  Raw oxidation peaks found: 2
INFO:__main__:  Raw reduction peaks found: 1
INFO:__main__:  Filtered peaks (ferrocyanide range): 2
INFO:__main__:  Detection parameters: height=0.1, distance=10, prominence=0.05
INFO:__main__:  Flexible filtering: Peak zone=[-0.300-0.601V], Edge margin=0.100V
INFO:__main__:Analysis complete: 2 peaks detected
INFO:werkzeug:127.0.0.1 - - [05/Oct/2025 03:13:25] "POST /api/analyze HTTP/1.1" 200 -
INFO:__main__:Received data keys: ['voltage', 'current', 'method', 'parameters']
INFO:__main__:Data content preview: {'voltage': [-0.40001, -0.390003, -0.379995, -0.369987, -0.359979, -0.349972, -0.339964, -0.329956, -0.319948, -0.30994, -0.299933, -0.289925, -0.279917, -0.269909, -0.259902, -0.249894, -0.239886, -0...
INFO:__main__:Analyzing CV data: 220 points
INFO:__main__:Voltage scan range: -0.400V to 0.701V (total: 1.101V)
INFO:__main__:Peak detection zone: -0.300V to 0.601V (margin: 0.100V)
INFO:__main__:Peak detection summary:
INFO:__main__:  Raw oxidation peaks found: 2
INFO:__main__:  Raw reduction peaks found: 1
INFO:__main__:  Filtered peaks (ferrocyanide range): 2
INFO:__main__:  Detection parameters: height=0.1, distance=10, prominence=0.05
INFO:__main__:  Flexible filtering: Peak zone=[-0.300-0.601V], Edge margin=0.100V
INFO:__main__:Analysis complete: 2 peaks detected
INFO:werkzeug:127.0.0.1 - - [05/Oct/2025 03:13:25] "POST /api/analyze HTTP/1.1" 200 -
INFO:__main__:Received data keys: ['voltage', 'current', 'method', 'parameters']
INFO:__main__:Data content preview: {'voltage': [-0.40001, -0.390003, -0.379995, -0.369987, -0.359979, -0.349972, -0.339964, -0.329956, -0.319948, -0.30994, -0.299933, -0.289925, -0.279917, -0.269909, -0.259902, -0.249894, -0.239886, -0...
INFO:__main__:Analyzing CV data: 220 points
INFO:__main__:Voltage scan range: -0.400V to 0.701V (total: 1.101V)
INFO:__main__:Peak detection zone: -0.300V to 0.601V (margin: 0.100V)
INFO:__main__:Peak detection summary:
INFO:__main__:  Raw oxidation peaks found: 2
INFO:__main__:  Raw reduction peaks found: 1
INFO:__main__:  Filtered peaks (ferrocyanide range): 2
INFO:__main__:  Detection parameters: height=0.1, distance=10, prominence=0.05
INFO:__main__:  Flexible filtering: Peak zone=[-0.300-0.601V], Edge margin=0.100V
INFO:__main__:Analysis complete: 2 peaks detected
INFO:werkzeug:127.0.0.1 - - [05/Oct/2025 03:13:25] "POST /api/analyze HTTP/1.1" 200 -
INFO:__main__:Received data keys: ['voltage', 'current', 'method', 'parameters']
INFO:__main__:Data content preview: {'voltage': [-0.40001, -0.390003, -0.379995, -0.369987, -0.359979, -0.349972, -0.339964, -0.329956, -0.319948, -0.30994, -0.299933, -0.289925, -0.279917, -0.269909, -0.259902, -0.249894, -0.239886, -0...
INFO:__main__:Analyzing CV data: 220 points
INFO:__main__:Voltage scan range: -0.400V to 0.701V (total: 1.101V)
INFO:__main__:Peak detection zone: -0.300V to 0.601V (margin: 0.100V)
INFO:__main__:Peak detection summary:
INFO:__main__:  Raw oxidation peaks found: 2
INFO:__main__:  Raw reduction peaks found: 1
INFO:__main__:  Filtered peaks (ferrocyanide range): 2
INFO:__main__:  Detection parameters: height=0.1, distance=10, prominence=0.05
INFO:__main__:  Flexible filtering: Peak zone=[-0.300-0.601V], Edge margin=0.100V
INFO:__main__:Analysis complete: 2 peaks detected
INFO:werkzeug:127.0.0.1 - - [05/Oct/2025 03:13:25] "POST /api/analyze HTTP/1.1" 200 -
INFO:__main__:Received data keys: ['voltage', 'current', 'method', 'parameters']
INFO:__main__:Data content preview: {'voltage': [-0.40001, -0.390003, -0.379995, -0.369987, -0.359979, -0.349972, -0.339964, -0.329956, -0.319948, -0.30994, -0.299933, -0.289925, -0.279917, -0.269909, -0.259902, -0.249894, -0.239886, -0...
INFO:__main__:Analyzing CV data: 220 points
INFO:__main__:Voltage scan range: -0.400V to 0.701V (total: 1.101V)
INFO:__main__:Peak detection zone: -0.300V to 0.601V (margin: 0.100V)
INFO:__main__:Peak detection summary:
INFO:__main__:  Raw oxidation peaks found: 2
INFO:__main__:  Raw reduction peaks found: 1
INFO:__main__:  Filtered peaks (ferrocyanide range): 2
INFO:__main__:  Detection parameters: height=0.1, distance=10, prominence=0.05
INFO:__main__:  Flexible filtering: Peak zone=[-0.300-0.601V], Edge margin=0.100V
INFO:__main__:Analysis complete: 2 peaks detected
INFO:werkzeug:127.0.0.1 - - [05/Oct/2025 03:13:25] "POST /api/analyze HTTP/1.1" 200 -
INFO:__main__:Received data keys: ['voltage', 'current', 'method', 'parameters']
INFO:__main__:Data content preview: {'voltage': [-0.40001, -0.390003, -0.379995, -0.369987, -0.359979, -0.349972, -0.339964, -0.329956, -0.319948, -0.30994, -0.299933, -0.289925, -0.279917, -0.269909, -0.259902, -0.249894, -0.239886, -0...
INFO:__main__:Analyzing CV data: 220 points
INFO:__main__:Voltage scan range: -0.400V to 0.701V (total: 1.101V)
INFO:__main__:Peak detection zone: -0.300V to 0.601V (margin: 0.100V)
INFO:__main__:Peak detection summary:
INFO:__main__:  Raw oxidation peaks found: 2
INFO:__main__:  Raw reduction peaks found: 1
INFO:__main__:  Filtered peaks (ferrocyanide range): 2
INFO:__main__:  Detection parameters: height=0.1, distance=10, prominence=0.05
INFO:__main__:  Flexible filtering: Peak zone=[-0.300-0.601V], Edge margin=0.100V
INFO:__main__:Analysis complete: 2 peaks detected
INFO:werkzeug:127.0.0.1 - - [05/Oct/2025 03:13:26] "POST /api/analyze HTTP/1.1" 200 -
INFO:__main__:Received data keys: ['voltage', 'current', 'method', 'parameters']
INFO:__main__:Data content preview: {'voltage': [-0.40001, -0.390003, -0.379995, -0.369987, -0.359979, -0.349972, -0.339964, -0.329956, -0.319948, -0.30994, -0.299933, -0.289925, -0.279917, -0.269909, -0.259902, -0.249894, -0.239886, -0...
INFO:__main__:Analyzing CV data: 220 points
INFO:__main__:Voltage scan range: -0.400V to 0.701V (total: 1.101V)
INFO:__main__:Peak detection zone: -0.300V to 0.601V (margin: 0.100V)
INFO:__main__:Peak detection summary:
INFO:__main__:  Raw oxidation peaks found: 2
INFO:__main__:  Raw reduction peaks found: 1
INFO:__main__:  Filtered peaks (ferrocyanide range): 2
INFO:__main__:  Detection parameters: height=0.1, distance=10, prominence=0.05
INFO:__main__:  Flexible filtering: Peak zone=[-0.300-0.601V], Edge margin=0.100V
INFO:__main__:Analysis complete: 2 peaks detected
INFO:werkzeug:127.0.0.1 - - [05/Oct/2025 03:13:26] "POST /api/analyze HTTP/1.1" 200 -
INFO:__main__:Received data keys: ['voltage', 'current', 'method', 'parameters']
INFO:__main__:Data content preview: {'voltage': [-0.40001, -0.390003, -0.379995, -0.369987, -0.359979, -0.349972, -0.339964, -0.329956, -0.319948, -0.30994, -0.299933, -0.289925, -0.279917, -0.269909, -0.259902, -0.249894, -0.239886, -0...
INFO:__main__:Analyzing CV data: 220 points
INFO:__main__:Voltage scan range: -0.400V to 0.701V (total: 1.101V)
INFO:__main__:Peak detection zone: -0.300V to 0.601V (margin: 0.100V)
INFO:__main__:Peak detection summary:
INFO:__main__:  Raw oxidation peaks found: 2
INFO:__main__:  Raw reduction peaks found: 1
INFO:__main__:  Filtered peaks (ferrocyanide range): 2
INFO:__main__:  Detection parameters: height=0.1, distance=10, prominence=0.05
INFO:__main__:  Flexible filtering: Peak zone=[-0.300-0.601V], Edge margin=0.100V
INFO:__main__:Analysis complete: 2 peaks detected
INFO:werkzeug:127.0.0.1 - - [05/Oct/2025 03:13:26] "POST /api/analyze HTTP/1.1" 200 -
INFO:__main__:Received data keys: ['voltage', 'current', 'method', 'parameters']
INFO:__main__:Data content preview: {'voltage': [-0.40001, -0.390003, -0.379995, -0.369987, -0.359979, -0.349972, -0.339964, -0.329956, -0.319948, -0.30994, -0.299933, -0.289925, -0.279917, -0.269909, -0.259902, -0.249894, -0.239886, -0...
INFO:__main__:Analyzing CV data: 220 points
INFO:__main__:Voltage scan range: -0.400V to 0.701V (total: 1.101V)
INFO:__main__:Peak detection zone: -0.300V to 0.601V (margin: 0.100V)
INFO:__main__:Peak detection summary:
INFO:__main__:  Raw oxidation peaks found: 2
INFO:__main__:  Raw reduction peaks found: 1
INFO:__main__:  Filtered peaks (ferrocyanide range): 2
INFO:__main__:  Detection parameters: height=0.1, distance=10, prominence=0.05
INFO:__main__:  Flexible filtering: Peak zone=[-0.300-0.601V], Edge margin=0.100V
INFO:__main__:Analysis complete: 2 peaks detected
INFO:werkzeug:127.0.0.1 - - [05/Oct/2025 03:13:26] "POST /api/analyze HTTP/1.1" 200 -
INFO:__main__:Received data keys: ['voltage', 'current', 'method', 'parameters']
INFO:__main__:Data content preview: {'voltage': [-0.40001, -0.390003, -0.379995, -0.369987, -0.359979, -0.349972, -0.339964, -0.329956, -0.319948, -0.30994, -0.299933, -0.289925, -0.279917, -0.269909, -0.259902, -0.249894, -0.239886, -0...
INFO:__main__:Analyzing CV data: 220 points
INFO:__main__:Voltage scan range: -0.400V to 0.701V (total: 1.101V)
INFO:__main__:Peak detection zone: -0.300V to 0.601V (margin: 0.100V)
INFO:__main__:Peak detection summary:
INFO:__main__:  Raw oxidation peaks found: 2
INFO:__main__:  Raw reduction peaks found: 1
INFO:__main__:  Filtered peaks (ferrocyanide range): 2
INFO:__main__:  Detection parameters: height=0.1, distance=10, prominence=0.05
INFO:__main__:  Flexible filtering: Peak zone=[-0.300-0.601V], Edge margin=0.100V
INFO:__main__:Analysis complete: 2 peaks detected
INFO:werkzeug:127.0.0.1 - - [05/Oct/2025 03:13:27] "POST /api/analyze HTTP/1.1" 200 -
INFO:__main__:Received data keys: ['voltage', 'current', 'method', 'parameters']
INFO:__main__:Data content preview: {'voltage': [-0.40001, -0.390003, -0.379995, -0.369987, -0.359979, -0.349972, -0.339964, -0.329956, -0.319948, -0.30994, -0.299933, -0.289925, -0.279917, -0.269909, -0.259902, -0.249894, -0.239886, -0...
INFO:__main__:Analyzing CV data: 221 points
INFO:__main__:Voltage scan range: -0.400V to 0.701V (total: 1.101V)
INFO:__main__:Peak detection zone: -0.300V to 0.601V (margin: 0.100V)
INFO:__main__:Peak detection summary:
INFO:__main__:  Raw oxidation peaks found: 2
INFO:__main__:  Raw reduction peaks found: 1
INFO:__main__:  Filtered peaks (ferrocyanide range): 2
INFO:__main__:  Detection parameters: height=0.1, distance=10, prominence=0.05
INFO:__main__:  Flexible filtering: Peak zone=[-0.300-0.601V], Edge margin=0.100V
INFO:__main__:Analysis complete: 2 peaks detected
INFO:werkzeug:127.0.0.1 - - [05/Oct/2025 03:13:27] "POST /api/analyze HTTP/1.1" 200 -
INFO:__main__:Received data keys: ['voltage', 'current', 'method', 'parameters']
INFO:__main__:Data content preview: {'voltage': [-0.40001, -0.390003, -0.379995, -0.369987, -0.359979, -0.349972, -0.339964, -0.329956, -0.319948, -0.30994, -0.299933, -0.289925, -0.279917, -0.269909, -0.259902, -0.249894, -0.239886, -0...
INFO:__main__:Analyzing CV data: 221 points
INFO:__main__:Voltage scan range: -0.400V to 0.701V (total: 1.101V)
INFO:__main__:Peak detection zone: -0.300V to 0.601V (margin: 0.100V)
INFO:__main__:Peak detection summary:
INFO:__main__:  Raw oxidation peaks found: 2
INFO:__main__:  Raw reduction peaks found: 1
INFO:__main__:  Filtered peaks (ferrocyanide range): 2
INFO:__main__:  Detection parameters: height=0.1, distance=10, prominence=0.05
INFO:__main__:  Flexible filtering: Peak zone=[-0.300-0.601V], Edge margin=0.100V
INFO:__main__:Analysis complete: 2 peaks detected
INFO:werkzeug:127.0.0.1 - - [05/Oct/2025 03:13:27] "POST /api/analyze HTTP/1.1" 200 -
INFO:__main__:Received data keys: ['voltage', 'current', 'method', 'parameters']
INFO:__main__:Data content preview: {'voltage': [-0.40001, -0.390003, -0.379995, -0.369987, -0.359979, -0.349972, -0.339964, -0.329956, -0.319948, -0.30994, -0.299933, -0.289925, -0.279917, -0.269909, -0.259902, -0.249894, -0.239886, -0...
INFO:__main__:Analyzing CV data: 220 points
INFO:__main__:Voltage scan range: -0.400V to 0.701V (total: 1.101V)
INFO:__main__:Peak detection zone: -0.300V to 0.601V (margin: 0.100V)
INFO:__main__:Peak detection summary:
INFO:__main__:  Raw oxidation peaks found: 2
INFO:__main__:  Raw reduction peaks found: 1
INFO:__main__:  Filtered peaks (ferrocyanide range): 2
INFO:__main__:  Detection parameters: height=0.1, distance=10, prominence=0.05
INFO:__main__:  Flexible filtering: Peak zone=[-0.300-0.601V], Edge margin=0.100V
INFO:__main__:Analysis complete: 2 peaks detected
INFO:werkzeug:127.0.0.1 - - [05/Oct/2025 03:13:27] "POST /api/analyze HTTP/1.1" 200 -
INFO:__main__:Received data keys: ['voltage', 'current', 'method', 'parameters']
INFO:__main__:Data content preview: {'voltage': [-0.40001, -0.390003, -0.379995, -0.369987, -0.359979, -0.349972, -0.339964, -0.329956, -0.319948, -0.30994, -0.299933, -0.289925, -0.279917, -0.269909, -0.259902, -0.249894, -0.239886, -0...
INFO:__main__:Analyzing CV data: 220 points
INFO:__main__:Voltage scan range: -0.400V to 0.701V (total: 1.101V)
INFO:__main__:Peak detection zone: -0.300V to 0.601V (margin: 0.100V)
INFO:__main__:Peak detection summary:
INFO:__main__:  Raw oxidation peaks found: 2
INFO:__main__:  Raw reduction peaks found: 1
INFO:__main__:  Filtered peaks (ferrocyanide range): 2
INFO:__main__:  Detection parameters: height=0.1, distance=10, prominence=0.05
INFO:__main__:  Flexible filtering: Peak zone=[-0.300-0.601V], Edge margin=0.100V
INFO:__main__:Analysis complete: 2 peaks detected
INFO:werkzeug:127.0.0.1 - - [05/Oct/2025 03:13:28] "POST /api/analyze HTTP/1.1" 200 -
INFO:__main__:Received data keys: ['voltage', 'current', 'method', 'parameters']
INFO:__main__:Data content preview: {'voltage': [-0.40001, -0.390003, -0.379995, -0.369987, -0.359979, -0.349972, -0.339964, -0.329956, -0.319948, -0.30994, -0.299933, -0.289925, -0.279917, -0.269909, -0.259902, -0.249894, -0.239886, -0...
INFO:__main__:Analyzing CV data: 220 points
INFO:__main__:Voltage scan range: -0.400V to 0.701V (total: 1.101V)
INFO:__main__:Peak detection zone: -0.300V to 0.601V (margin: 0.100V)
INFO:__main__:Peak detection summary:
INFO:__main__:  Raw oxidation peaks found: 2
INFO:__main__:  Raw reduction peaks found: 1
INFO:__main__:  Filtered peaks (ferrocyanide range): 2
INFO:__main__:  Detection parameters: height=0.1, distance=10, prominence=0.05
INFO:__main__:  Flexible filtering: Peak zone=[-0.300-0.601V], Edge margin=0.100V
INFO:__main__:Analysis complete: 2 peaks detected
INFO:werkzeug:127.0.0.1 - - [05/Oct/2025 03:13:28] "POST /api/analyze HTTP/1.1" 200 -
INFO:__main__:Received data keys: ['voltage', 'current', 'method', 'parameters']
INFO:__main__:Data content preview: {'voltage': [-0.40001, -0.390003, -0.379995, -0.369987, -0.359979, -0.349972, -0.339964, -0.329956, -0.319948, -0.30994, -0.299933, -0.289925, -0.279917, -0.269909, -0.259902, -0.249894, -0.239886, -0...
INFO:__main__:Analyzing CV data: 220 points
INFO:__main__:Voltage scan range: -0.400V to 0.701V (total: 1.101V)
INFO:__main__:Peak detection zone: -0.300V to 0.601V (margin: 0.100V)
INFO:__main__:Peak detection summary:
INFO:__main__:  Raw oxidation peaks found: 2
INFO:__main__:  Raw reduction peaks found: 1
INFO:__main__:  Filtered peaks (ferrocyanide range): 2
INFO:__main__:  Detection parameters: height=0.1, distance=10, prominence=0.05
INFO:__main__:  Flexible filtering: Peak zone=[-0.300-0.601V], Edge margin=0.100V
INFO:__main__:Analysis complete: 2 peaks detected
INFO:werkzeug:127.0.0.1 - - [05/Oct/2025 03:13:28] "POST /api/analyze HTTP/1.1" 200 -
INFO:__main__:Received data keys: ['voltage', 'current', 'method', 'parameters']
INFO:__main__:Data content preview: {'voltage': [-0.40001, -0.390003, -0.379995, -0.369987, -0.359979, -0.349972, -0.339964, -0.329956, -0.319948, -0.30994, -0.299933, -0.289925, -0.279917, -0.269909, -0.259902, -0.249894, -0.239886, -0...
INFO:__main__:Analyzing CV data: 221 points
INFO:__main__:Voltage scan range: -0.400V to 0.701V (total: 1.101V)
INFO:__main__:Peak detection zone: -0.300V to 0.601V (margin: 0.100V)
INFO:__main__:Peak detection summary:
INFO:__main__:  Raw oxidation peaks found: 1
INFO:__main__:  Raw reduction peaks found: 1
INFO:__main__:  Filtered peaks (ferrocyanide range): 2
INFO:__main__:  Detection parameters: height=0.1, distance=10, prominence=0.05
INFO:__main__:  Flexible filtering: Peak zone=[-0.300-0.601V], Edge margin=0.100V
INFO:__main__:Analysis complete: 2 peaks detected
INFO:werkzeug:127.0.0.1 - - [05/Oct/2025 03:13:28] "POST /api/analyze HTTP/1.1" 200 -
INFO:__main__:Received data keys: ['voltage', 'current', 'method', 'parameters']
INFO:__main__:Data content preview: {'voltage': [-0.40001, -0.390003, -0.379995, -0.369987, -0.359979, -0.349972, -0.339964, -0.329956, -0.319948, -0.30994, -0.299933, -0.289925, -0.279917, -0.269909, -0.259902, -0.249894, -0.239886, -0...
INFO:__main__:Analyzing CV data: 220 points
INFO:__main__:Voltage scan range: -0.400V to 0.701V (total: 1.101V)
INFO:__main__:Peak detection zone: -0.300V to 0.601V (margin: 0.100V)
INFO:__main__:Peak detection summary:
INFO:__main__:  Raw oxidation peaks found: 2
INFO:__main__:  Raw reduction peaks found: 1
INFO:__main__:  Filtered peaks (ferrocyanide range): 2
INFO:__main__:  Detection parameters: height=0.1, distance=10, prominence=0.05
INFO:__main__:  Flexible filtering: Peak zone=[-0.300-0.601V], Edge margin=0.100V
INFO:__main__:Analysis complete: 2 peaks detected
INFO:werkzeug:127.0.0.1 - - [05/Oct/2025 03:13:29] "POST /api/analyze HTTP/1.1" 200 -
INFO:__main__:Received data keys: ['voltage', 'current', 'method', 'parameters']
INFO:__main__:Data content preview: {'voltage': [-0.40001, -0.390003, -0.379995, -0.369987, -0.359979, -0.349972, -0.339964, -0.329956, -0.319948, -0.30994, -0.299933, -0.289925, -0.279917, -0.269909, -0.259902, -0.249894, -0.239886, -0...
INFO:__main__:Analyzing CV data: 220 points
INFO:__main__:Voltage scan range: -0.400V to 0.701V (total: 1.101V)
INFO:__main__:Peak detection zone: -0.300V to 0.601V (margin: 0.100V)
INFO:__main__:Peak detection summary:
INFO:__main__:  Raw oxidation peaks found: 2
INFO:__main__:  Raw reduction peaks found: 1
INFO:__main__:  Filtered peaks (ferrocyanide range): 2
INFO:__main__:  Detection parameters: height=0.1, distance=10, prominence=0.05
INFO:__main__:  Flexible filtering: Peak zone=[-0.300-0.601V], Edge margin=0.100V
INFO:__main__:Analysis complete: 2 peaks detected
INFO:werkzeug:127.0.0.1 - - [05/Oct/2025 03:13:29] "POST /api/analyze HTTP/1.1" 200 -
INFO:__main__:Received data keys: ['voltage', 'current', 'method', 'parameters']
INFO:__main__:Data content preview: {'voltage': [-0.40001, -0.390003, -0.379995, -0.369987, -0.359979, -0.349972, -0.339964, -0.329956, -0.319948, -0.30994, -0.299933, -0.289925, -0.279917, -0.269909, -0.259902, -0.249894, -0.239886, -0...
INFO:__main__:Analyzing CV data: 220 points
INFO:__main__:Voltage scan range: -0.400V to 0.701V (total: 1.101V)
INFO:__main__:Peak detection zone: -0.300V to 0.601V (margin: 0.100V)
INFO:__main__:Peak detection summary:
INFO:__main__:  Raw oxidation peaks found: 2
INFO:__main__:  Raw reduction peaks found: 1
INFO:__main__:  Filtered peaks (ferrocyanide range): 2
INFO:__main__:  Detection parameters: height=0.1, distance=10, prominence=0.05
INFO:__main__:  Flexible filtering: Peak zone=[-0.300-0.601V], Edge margin=0.100V
INFO:__main__:Analysis complete: 2 peaks detected
INFO:werkzeug:127.0.0.1 - - [05/Oct/2025 03:13:29] "POST /api/analyze HTTP/1.1" 200 -
INFO:__main__:Received data keys: ['voltage', 'current', 'method', 'parameters']
INFO:__main__:Data content preview: {'voltage': [-0.40001, -0.390003, -0.379995, -0.369987, -0.359979, -0.349972, -0.339964, -0.329956, -0.319948, -0.30994, -0.299933, -0.289925, -0.279917, -0.269909, -0.259902, -0.249894, -0.239886, -0...
INFO:__main__:Analyzing CV data: 220 points
INFO:__main__:Voltage scan range: -0.400V to 0.701V (total: 1.101V)
INFO:__main__:Peak detection zone: -0.300V to 0.601V (margin: 0.100V)
INFO:__main__:Peak detection summary:
INFO:__main__:  Raw oxidation peaks found: 2
INFO:__main__:  Raw reduction peaks found: 1
INFO:__main__:  Filtered peaks (ferrocyanide range): 2
INFO:__main__:  Detection parameters: height=0.1, distance=10, prominence=0.05
INFO:__main__:  Flexible filtering: Peak zone=[-0.300-0.601V], Edge margin=0.100V
INFO:__main__:Analysis complete: 2 peaks detected
INFO:werkzeug:127.0.0.1 - - [05/Oct/2025 03:13:30] "POST /api/analyze HTTP/1.1" 200 -
INFO:__main__:Received data keys: ['voltage', 'current', 'method', 'parameters']
INFO:__main__:Data content preview: {'voltage': [-0.40001, -0.390003, -0.379995, -0.369987, -0.359979, -0.349972, -0.339964, -0.329956, -0.319948, -0.30994, -0.299933, -0.289925, -0.279917, -0.269909, -0.259902, -0.249894, -0.239886, -0...
INFO:__main__:Analyzing CV data: 220 points
INFO:__main__:Voltage scan range: -0.400V to 0.701V (total: 1.101V)
INFO:__main__:Peak detection zone: -0.300V to 0.601V (margin: 0.100V)
INFO:__main__:Peak detection summary:
INFO:__main__:  Raw oxidation peaks found: 2
INFO:__main__:  Raw reduction peaks found: 1
INFO:__main__:  Filtered peaks (ferrocyanide range): 2
INFO:__main__:  Detection parameters: height=0.1, distance=10, prominence=0.05
INFO:__main__:  Flexible filtering: Peak zone=[-0.300-0.601V], Edge margin=0.100V
INFO:__main__:Analysis complete: 2 peaks detected
INFO:werkzeug:127.0.0.1 - - [05/Oct/2025 03:13:30] "POST /api/analyze HTTP/1.1" 200 -
INFO:__main__:Received data keys: ['voltage', 'current', 'method', 'parameters']
INFO:__main__:Data content preview: {'voltage': [-0.40001, -0.390003, -0.379995, -0.369987, -0.359979, -0.349972, -0.339964, -0.329956, -0.319948, -0.30994, -0.299933, -0.289925, -0.279917, -0.269909, -0.259902, -0.249894, -0.239886, -0...
INFO:__main__:Analyzing CV data: 220 points
INFO:__main__:Voltage scan range: -0.400V to 0.701V (total: 1.101V)
INFO:__main__:Peak detection zone: -0.300V to 0.601V (margin: 0.100V)
INFO:__main__:Peak detection summary:
INFO:__main__:  Raw oxidation peaks found: 2
INFO:__main__:  Raw reduction peaks found: 1
INFO:__main__:  Filtered peaks (ferrocyanide range): 2
INFO:__main__:  Detection parameters: height=0.1, distance=10, prominence=0.05
INFO:__main__:  Flexible filtering: Peak zone=[-0.300-0.601V], Edge margin=0.100V
INFO:__main__:Analysis complete: 2 peaks detected
INFO:werkzeug:127.0.0.1 - - [05/Oct/2025 03:13:31] "POST /api/analyze HTTP/1.1" 200 -
INFO:__main__:Received data keys: ['voltage', 'current', 'method', 'parameters']
INFO:__main__:Data content preview: {'voltage': [-0.40001, -0.390003, -0.379995, -0.369987, -0.359979, -0.349972, -0.339964, -0.329956, -0.319948, -0.30994, -0.299933, -0.289925, -0.279917, -0.269909, -0.259902, -0.249894, -0.239886, -0...
INFO:__main__:Analyzing CV data: 220 points
INFO:__main__:Voltage scan range: -0.400V to 0.701V (total: 1.101V)
INFO:__main__:Peak detection zone: -0.300V to 0.601V (margin: 0.100V)
INFO:__main__:Peak detection summary:
INFO:__main__:  Raw oxidation peaks found: 2
INFO:__main__:  Raw reduction peaks found: 1
INFO:__main__:  Filtered peaks (ferrocyanide range): 2
INFO:__main__:  Detection parameters: height=0.1, distance=10, prominence=0.05
INFO:__main__:  Flexible filtering: Peak zone=[-0.300-0.601V], Edge margin=0.100V
INFO:__main__:Analysis complete: 2 peaks detected
INFO:werkzeug:127.0.0.1 - - [05/Oct/2025 03:13:31] "POST /api/analyze HTTP/1.1" 200 -
INFO:__main__:Received data keys: ['voltage', 'current', 'method', 'parameters']
INFO:__main__:Data content preview: {'voltage': [-0.40001, -0.390003, -0.379995, -0.369987, -0.359979, -0.349972, -0.339964, -0.329956, -0.319948, -0.30994, -0.299933, -0.289925, -0.279917, -0.269909, -0.259902, -0.249894, -0.239886, -0...
INFO:__main__:Analyzing CV data: 220 points
INFO:__main__:Voltage scan range: -0.400V to 0.701V (total: 1.101V)
INFO:__main__:Peak detection zone: -0.300V to 0.601V (margin: 0.100V)
INFO:__main__:Peak detection summary:
INFO:__main__:  Raw oxidation peaks found: 2
INFO:__main__:  Raw reduction peaks found: 1
INFO:__main__:  Filtered peaks (ferrocyanide range): 2
INFO:__main__:  Detection parameters: height=0.1, distance=10, prominence=0.05
INFO:__main__:  Flexible filtering: Peak zone=[-0.300-0.601V], Edge margin=0.100V
INFO:__main__:Analysis complete: 2 peaks detected
INFO:werkzeug:127.0.0.1 - - [05/Oct/2025 03:13:31] "POST /api/analyze HTTP/1.1" 200 -
INFO:__main__:Received data keys: ['voltage', 'current', 'method', 'parameters']
INFO:__main__:Data content preview: {'voltage': [-0.40001, -0.390003, -0.379995, -0.369987, -0.359979, -0.349972, -0.339964, -0.329956, -0.319948, -0.30994, -0.299933, -0.289925, -0.279917, -0.269909, -0.259902, -0.249894, -0.239886, -0...
INFO:__main__:Analyzing CV data: 220 points
INFO:__main__:Voltage scan range: -0.400V to 0.701V (total: 1.101V)
INFO:__main__:Peak detection zone: -0.300V to 0.601V (margin: 0.100V)
INFO:__main__:Peak detection summary:
INFO:__main__:  Raw oxidation peaks found: 2
INFO:__main__:  Raw reduction peaks found: 1
INFO:__main__:  Filtered peaks (ferrocyanide range): 2
INFO:__main__:  Detection parameters: height=0.1, distance=10, prominence=0.05
INFO:__main__:  Flexible filtering: Peak zone=[-0.300-0.601V], Edge margin=0.100V
INFO:__main__:Analysis complete: 2 peaks detected
INFO:werkzeug:127.0.0.1 - - [05/Oct/2025 03:13:32] "POST /api/analyze HTTP/1.1" 200 -
INFO:__main__:Received data keys: ['voltage', 'current', 'method', 'parameters']
INFO:__main__:Data content preview: {'voltage': [-0.40001, -0.390003, -0.379995, -0.369987, -0.359979, -0.349972, -0.339964, -0.329956, -0.319948, -0.30994, -0.299933, -0.289925, -0.279917, -0.269909, -0.259902, -0.249894, -0.239886, -0...
INFO:__main__:Analyzing CV data: 221 points
INFO:__main__:Voltage scan range: -0.400V to 0.701V (total: 1.101V)
INFO:__main__:Peak detection zone: -0.300V to 0.601V (margin: 0.100V)
INFO:__main__:Peak detection summary:
INFO:__main__:  Raw oxidation peaks found: 1
INFO:__main__:  Raw reduction peaks found: 1
INFO:__main__:  Filtered peaks (ferrocyanide range): 2
INFO:__main__:  Detection parameters: height=0.1, distance=10, prominence=0.05
INFO:__main__:  Flexible filtering: Peak zone=[-0.300-0.601V], Edge margin=0.100V
INFO:__main__:Analysis complete: 2 peaks detected
INFO:werkzeug:127.0.0.1 - - [05/Oct/2025 03:13:32] "POST /api/analyze HTTP/1.1" 200 -
INFO:__main__:Received data keys: ['voltage', 'current', 'method', 'parameters']
INFO:__main__:Data content preview: {'voltage': [-0.40001, -0.390003, -0.379995, -0.369987, -0.359979, -0.349972, -0.339964, -0.329956, -0.319948, -0.30994, -0.299933, -0.289925, -0.279917, -0.269909, -0.259902, -0.249894, -0.239886, -0...
INFO:__main__:Analyzing CV data: 220 points
INFO:__main__:Voltage scan range: -0.400V to 0.701V (total: 1.101V)
INFO:__main__:Peak detection zone: -0.300V to 0.601V (margin: 0.100V)
INFO:__main__:Peak detection summary:
INFO:__main__:  Raw oxidation peaks found: 2
INFO:__main__:  Raw reduction peaks found: 1
INFO:__main__:  Filtered peaks (ferrocyanide range): 2
INFO:__main__:  Detection parameters: height=0.1, distance=10, prominence=0.05
INFO:__main__:  Flexible filtering: Peak zone=[-0.300-0.601V], Edge margin=0.100V
INFO:__main__:Analysis complete: 2 peaks detected
INFO:werkzeug:127.0.0.1 - - [05/Oct/2025 03:13:32] "POST /api/analyze HTTP/1.1" 200 -
INFO:__main__:Received data keys: ['voltage', 'current', 'method', 'parameters']
INFO:__main__:Data content preview: {'voltage': [-0.40001, -0.390003, -0.379995, -0.369987, -0.359979, -0.349972, -0.339964, -0.329956, -0.319948, -0.30994, -0.299933, -0.289925, -0.279917, -0.269909, -0.259902, -0.249894, -0.239886, -0...
INFO:__main__:Analyzing CV data: 220 points
INFO:__main__:Voltage scan range: -0.400V to 0.701V (total: 1.101V)
INFO:__main__:Peak detection zone: -0.300V to 0.601V (margin: 0.100V)
INFO:__main__:Peak detection summary:
INFO:__main__:  Raw oxidation peaks found: 2
INFO:__main__:  Raw reduction peaks found: 1
INFO:__main__:  Filtered peaks (ferrocyanide range): 2
INFO:__main__:  Detection parameters: height=0.1, distance=10, prominence=0.05
INFO:__main__:  Flexible filtering: Peak zone=[-0.300-0.601V], Edge margin=0.100V
INFO:__main__:Analysis complete: 2 peaks detected
INFO:werkzeug:127.0.0.1 - - [05/Oct/2025 03:13:32] "POST /api/analyze HTTP/1.1" 200 -
INFO:__main__:Received data keys: ['voltage', 'current', 'method', 'parameters']
INFO:__main__:Data content preview: {'voltage': [-0.40001, -0.390003, -0.379995, -0.369987, -0.359979, -0.349972, -0.339964, -0.329956, -0.319948, -0.30994, -0.299933, -0.289925, -0.279917, -0.269909, -0.259902, -0.249894, -0.239886, -0...
INFO:__main__:Analyzing CV data: 220 points
INFO:__main__:Voltage scan range: -0.400V to 0.701V (total: 1.101V)
INFO:__main__:Peak detection zone: -0.300V to 0.601V (margin: 0.100V)
INFO:__main__:Peak detection summary:
INFO:__main__:  Raw oxidation peaks found: 2
INFO:__main__:  Raw reduction peaks found: 1
INFO:__main__:  Filtered peaks (ferrocyanide range): 2
INFO:__main__:  Detection parameters: height=0.1, distance=10, prominence=0.05
INFO:__main__:  Flexible filtering: Peak zone=[-0.300-0.601V], Edge margin=0.100V
INFO:__main__:Analysis complete: 2 peaks detected
INFO:werkzeug:127.0.0.1 - - [05/Oct/2025 03:13:32] "POST /api/analyze HTTP/1.1" 200 -
INFO:__main__:Received data keys: ['voltage', 'current', 'method', 'parameters']
INFO:__main__:Data content preview: {'voltage': [-0.40001, -0.390003, -0.379995, -0.369987, -0.359979, -0.349972, -0.339964, -0.329956, -0.319948, -0.30994, -0.299933, -0.289925, -0.279917, -0.269909, -0.259902, -0.249894, -0.239886, -0...
INFO:__main__:Analyzing CV data: 220 points
INFO:__main__:Voltage scan range: -0.400V to 0.701V (total: 1.101V)
INFO:__main__:Peak detection zone: -0.300V to 0.601V (margin: 0.100V)
INFO:__main__:Peak detection summary:
INFO:__main__:  Raw oxidation peaks found: 2
INFO:__main__:  Raw reduction peaks found: 1
INFO:__main__:  Filtered peaks (ferrocyanide range): 2
INFO:__main__:  Detection parameters: height=0.1, distance=10, prominence=0.05
INFO:__main__:  Flexible filtering: Peak zone=[-0.300-0.601V], Edge margin=0.100V
INFO:__main__:Analysis complete: 2 peaks detected
INFO:werkzeug:127.0.0.1 - - [05/Oct/2025 03:13:33] "POST /api/analyze HTTP/1.1" 200 -
INFO:__main__:Received data keys: ['voltage', 'current', 'method', 'parameters']
INFO:__main__:Data content preview: {'voltage': [-0.40001, -0.390003, -0.379995, -0.369987, -0.359979, -0.349972, -0.339964, -0.329956, -0.319948, -0.30994, -0.299933, -0.289925, -0.279917, -0.269909, -0.259902, -0.249894, -0.239886, -0...
INFO:__main__:Analyzing CV data: 221 points
INFO:__main__:Voltage scan range: -0.400V to 0.701V (total: 1.101V)
INFO:__main__:Peak detection zone: -0.300V to 0.601V (margin: 0.100V)
INFO:__main__:Peak detection summary:
INFO:__main__:  Raw oxidation peaks found: 2
INFO:__main__:  Raw reduction peaks found: 1
INFO:__main__:  Filtered peaks (ferrocyanide range): 2
INFO:__main__:  Detection parameters: height=0.1, distance=10, prominence=0.05
INFO:__main__:  Flexible filtering: Peak zone=[-0.300-0.601V], Edge margin=0.100V
INFO:__main__:Analysis complete: 2 peaks detected
INFO:werkzeug:127.0.0.1 - - [05/Oct/2025 03:13:33] "POST /api/analyze HTTP/1.1" 200 -
INFO:__main__:Received data keys: ['voltage', 'current', 'method', 'parameters']
INFO:__main__:Data content preview: {'voltage': [-0.40001, -0.390003, -0.379995, -0.369987, -0.359979, -0.349972, -0.339964, -0.329956, -0.319948, -0.30994, -0.299933, -0.289925, -0.279917, -0.269909, -0.259902, -0.249894, -0.239886, -0...
INFO:__main__:Analyzing CV data: 221 points
INFO:__main__:Voltage scan range: -0.400V to 0.701V (total: 1.101V)
INFO:__main__:Peak detection zone: -0.300V to 0.601V (margin: 0.100V)
INFO:__main__:Peak detection summary:
INFO:__main__:  Raw oxidation peaks found: 2
INFO:__main__:  Raw reduction peaks found: 1
INFO:__main__:  Filtered peaks (ferrocyanide range): 2
INFO:__main__:  Detection parameters: height=0.1, distance=10, prominence=0.05
INFO:__main__:  Flexible filtering: Peak zone=[-0.300-0.601V], Edge margin=0.100V
INFO:__main__:Analysis complete: 2 peaks detected
INFO:werkzeug:127.0.0.1 - - [05/Oct/2025 03:13:33] "POST /api/analyze HTTP/1.1" 200 -
INFO:__main__:Received data keys: ['voltage', 'current', 'method', 'parameters']
INFO:__main__:Data content preview: {'voltage': [-0.40001, -0.390003, -0.379995, -0.369987, -0.359979, -0.349972, -0.339964, -0.329956, -0.319948, -0.30994, -0.299933, -0.289925, -0.279917, -0.269909, -0.259902, -0.249894, -0.239886, -0...
INFO:__main__:Analyzing CV data: 220 points
INFO:__main__:Voltage scan range: -0.400V to 0.701V (total: 1.101V)
INFO:__main__:Peak detection zone: -0.300V to 0.601V (margin: 0.100V)
INFO:__main__:Peak detection summary:
INFO:__main__:  Raw oxidation peaks found: 2
INFO:__main__:  Raw reduction peaks found: 1
INFO:__main__:  Filtered peaks (ferrocyanide range): 2
INFO:__main__:  Detection parameters: height=0.1, distance=10, prominence=0.05
INFO:__main__:  Flexible filtering: Peak zone=[-0.300-0.601V], Edge margin=0.100V
INFO:__main__:Analysis complete: 2 peaks detected
INFO:werkzeug:127.0.0.1 - - [05/Oct/2025 03:13:33] "POST /api/analyze HTTP/1.1" 200 -
INFO:__main__:Received data keys: ['voltage', 'current', 'method', 'parameters']
INFO:__main__:Data content preview: {'voltage': [-0.40001, -0.390003, -0.379995, -0.369987, -0.359979, -0.349972, -0.339964, -0.329956, -0.319948, -0.30994, -0.299933, -0.289925, -0.279917, -0.269909, -0.259902, -0.249894, -0.239886, -0...
INFO:__main__:Analyzing CV data: 220 points
INFO:__main__:Voltage scan range: -0.400V to 0.701V (total: 1.101V)
INFO:__main__:Peak detection zone: -0.300V to 0.601V (margin: 0.100V)
INFO:__main__:Peak detection summary:
INFO:__main__:  Raw oxidation peaks found: 2
INFO:__main__:  Raw reduction peaks found: 1
INFO:__main__:  Filtered peaks (ferrocyanide range): 2
INFO:__main__:  Detection parameters: height=0.1, distance=10, prominence=0.05
INFO:__main__:  Flexible filtering: Peak zone=[-0.300-0.601V], Edge margin=0.100V
INFO:__main__:Analysis complete: 2 peaks detected
INFO:werkzeug:127.0.0.1 - - [05/Oct/2025 03:13:34] "POST /api/analyze HTTP/1.1" 200 -
INFO:__main__:Received data keys: ['voltage', 'current', 'method', 'parameters']
INFO:__main__:Data content preview: {'voltage': [-0.40001, -0.390003, -0.379995, -0.369987, -0.359979, -0.349972, -0.339964, -0.329956, -0.319948, -0.30994, -0.299933, -0.289925, -0.279917, -0.269909, -0.259902, -0.249894, -0.239886, -0...
INFO:__main__:Analyzing CV data: 220 points
INFO:__main__:Voltage scan range: -0.400V to 0.701V (total: 1.101V)
INFO:__main__:Peak detection zone: -0.300V to 0.601V (margin: 0.100V)
INFO:__main__:Peak detection summary:
INFO:__main__:  Raw oxidation peaks found: 2
INFO:__main__:  Raw reduction peaks found: 1
INFO:__main__:  Filtered peaks (ferrocyanide range): 2
INFO:__main__:  Detection parameters: height=0.1, distance=10, prominence=0.05
INFO:__main__:  Flexible filtering: Peak zone=[-0.300-0.601V], Edge margin=0.100V
INFO:__main__:Analysis complete: 2 peaks detected
INFO:werkzeug:127.0.0.1 - - [05/Oct/2025 03:13:34] "POST /api/analyze HTTP/1.1" 200 -
INFO:__main__:Received data keys: ['voltage', 'current', 'method', 'parameters']
INFO:__main__:Data content preview: {'voltage': [-0.40001, -0.390003, -0.379995, -0.369987, -0.359979, -0.349972, -0.339964, -0.329956, -0.319948, -0.30994, -0.299933, -0.289925, -0.279917, -0.269909, -0.259902, -0.249894, -0.239886, -0...
INFO:__main__:Analyzing CV data: 220 points
INFO:__main__:Voltage scan range: -0.400V to 0.701V (total: 1.101V)
INFO:__main__:Peak detection zone: -0.300V to 0.601V (margin: 0.100V)
INFO:__main__:Peak detection summary:
INFO:__main__:  Raw oxidation peaks found: 2
INFO:__main__:  Raw reduction peaks found: 1
INFO:__main__:  Filtered peaks (ferrocyanide range): 2
INFO:__main__:  Detection parameters: height=0.1, distance=10, prominence=0.05
INFO:__main__:  Flexible filtering: Peak zone=[-0.300-0.601V], Edge margin=0.100V
INFO:__main__:Analysis complete: 2 peaks detected
INFO:werkzeug:127.0.0.1 - - [05/Oct/2025 03:13:34] "POST /api/analyze HTTP/1.1" 200 -
INFO:__main__:Received data keys: ['voltage', 'current', 'method', 'parameters']
INFO:__main__:Data content preview: {'voltage': [-0.40001, -0.390003, -0.379995, -0.369987, -0.359979, -0.349972, -0.339964, -0.329956, -0.319948, -0.30994, -0.299933, -0.289925, -0.279917, -0.269909, -0.259902, -0.249894, -0.239886, -0...
INFO:__main__:Analyzing CV data: 220 points
INFO:__main__:Voltage scan range: -0.400V to 0.701V (total: 1.101V)
INFO:__main__:Peak detection zone: -0.300V to 0.601V (margin: 0.100V)
INFO:__main__:Peak detection summary:
INFO:__main__:  Raw oxidation peaks found: 2
INFO:__main__:  Raw reduction peaks found: 1
INFO:__main__:  Filtered peaks (ferrocyanide range): 2
INFO:__main__:  Detection parameters: height=0.1, distance=10, prominence=0.05
INFO:__main__:  Flexible filtering: Peak zone=[-0.300-0.601V], Edge margin=0.100V
INFO:__main__:Analysis complete: 2 peaks detected
INFO:werkzeug:127.0.0.1 - - [05/Oct/2025 03:13:34] "POST /api/analyze HTTP/1.1" 200 -
INFO:__main__:Received data keys: ['voltage', 'current', 'method', 'parameters']
INFO:__main__:Data content preview: {'voltage': [-0.40001, -0.390003, -0.379995, -0.369987, -0.359979, -0.349972, -0.339964, -0.329956, -0.319948, -0.30994, -0.299933, -0.289925, -0.279917, -0.269909, -0.259902, -0.249894, -0.239886, -0...
INFO:__main__:Analyzing CV data: 220 points
INFO:__main__:Voltage scan range: -0.400V to 0.701V (total: 1.101V)
INFO:__main__:Peak detection zone: -0.300V to 0.601V (margin: 0.100V)
INFO:__main__:Peak detection summary:
INFO:__main__:  Raw oxidation peaks found: 2
INFO:__main__:  Raw reduction peaks found: 1
INFO:__main__:  Filtered peaks (ferrocyanide range): 2
INFO:__main__:  Detection parameters: height=0.1, distance=10, prominence=0.05
INFO:__main__:  Flexible filtering: Peak zone=[-0.300-0.601V], Edge margin=0.100V
INFO:__main__:Analysis complete: 2 peaks detected
INFO:werkzeug:127.0.0.1 - - [05/Oct/2025 03:13:34] "POST /api/analyze HTTP/1.1" 200 -
INFO:__main__:Received data keys: ['voltage', 'current', 'method', 'parameters']
INFO:__main__:Data content preview: {'voltage': [-0.40001, -0.390003, -0.379995, -0.369987, -0.359979, -0.349972, -0.339964, -0.329956, -0.319948, -0.30994, -0.299933, -0.289925, -0.279917, -0.269909, -0.259902, -0.249894, -0.239886, -0...
INFO:__main__:Analyzing CV data: 220 points
INFO:__main__:Voltage scan range: -0.400V to 0.701V (total: 1.101V)
INFO:__main__:Peak detection zone: -0.300V to 0.601V (margin: 0.100V)
INFO:__main__:Peak detection summary:
INFO:__main__:  Raw oxidation peaks found: 2
INFO:__main__:  Raw reduction peaks found: 1
INFO:__main__:  Filtered peaks (ferrocyanide range): 2
INFO:__main__:  Detection parameters: height=0.1, distance=10, prominence=0.05
INFO:__main__:  Flexible filtering: Peak zone=[-0.300-0.601V], Edge margin=0.100V
INFO:__main__:Analysis complete: 2 peaks detected
INFO:werkzeug:127.0.0.1 - - [05/Oct/2025 03:13:35] "POST /api/analyze HTTP/1.1" 200 -
INFO:__main__:Received data keys: ['voltage', 'current', 'method', 'parameters']
INFO:__main__:Data content preview: {'voltage': [-0.40001, -0.390003, -0.379995, -0.369987, -0.359979, -0.349972, -0.339964, -0.329956, -0.319948, -0.30994, -0.299933, -0.289925, -0.279917, -0.269909, -0.259902, -0.249894, -0.239886, -0...
INFO:__main__:Analyzing CV data: 220 points
INFO:__main__:Voltage scan range: -0.400V to 0.701V (total: 1.101V)
INFO:__main__:Peak detection zone: -0.300V to 0.601V (margin: 0.100V)
INFO:__main__:Peak detection summary:
INFO:__main__:  Raw oxidation peaks found: 2
INFO:__main__:  Raw reduction peaks found: 1
INFO:__main__:  Filtered peaks (ferrocyanide range): 2
INFO:__main__:  Detection parameters: height=0.1, distance=10, prominence=0.05
INFO:__main__:  Flexible filtering: Peak zone=[-0.300-0.601V], Edge margin=0.100V
INFO:__main__:Analysis complete: 2 peaks detected
INFO:werkzeug:127.0.0.1 - - [05/Oct/2025 03:13:35] "POST /api/analyze HTTP/1.1" 200 -
INFO:__main__:Received data keys: ['voltage', 'current', 'method', 'parameters']
INFO:__main__:Data content preview: {'voltage': [-0.40001, -0.390003, -0.379995, -0.369987, -0.359979, -0.349972, -0.339964, -0.329956, -0.319948, -0.30994, -0.299933, -0.289925, -0.279917, -0.269909, -0.259902, -0.249894, -0.239886, -0...
INFO:__main__:Analyzing CV data: 220 points
INFO:__main__:Voltage scan range: -0.400V to 0.701V (total: 1.101V)
INFO:__main__:Peak detection zone: -0.300V to 0.601V (margin: 0.100V)
INFO:__main__:Peak detection summary:
INFO:__main__:  Raw oxidation peaks found: 2
INFO:__main__:  Raw reduction peaks found: 1
INFO:__main__:  Filtered peaks (ferrocyanide range): 2
INFO:__main__:  Detection parameters: height=0.1, distance=10, prominence=0.05
INFO:__main__:  Flexible filtering: Peak zone=[-0.300-0.601V], Edge margin=0.100V
INFO:__main__:Analysis complete: 2 peaks detected
INFO:werkzeug:127.0.0.1 - - [05/Oct/2025 03:13:35] "POST /api/analyze HTTP/1.1" 200 -
INFO:__main__:Received data keys: ['voltage', 'current', 'method', 'parameters']
INFO:__main__:Data content preview: {'voltage': [-0.40001, -0.390003, -0.379995, -0.369987, -0.359979, -0.349972, -0.339964, -0.329956, -0.319948, -0.30994, -0.299933, -0.289925, -0.279917, -0.269909, -0.259902, -0.249894, -0.239886, -0...
INFO:__main__:Analyzing CV data: 220 points
INFO:__main__:Voltage scan range: -0.400V to 0.701V (total: 1.101V)
INFO:__main__:Peak detection zone: -0.300V to 0.601V (margin: 0.100V)
INFO:__main__:Peak detection summary:
INFO:__main__:  Raw oxidation peaks found: 2
INFO:__main__:  Raw reduction peaks found: 1
INFO:__main__:  Filtered peaks (ferrocyanide range): 2
INFO:__main__:  Detection parameters: height=0.1, distance=10, prominence=0.05
INFO:__main__:  Flexible filtering: Peak zone=[-0.300-0.601V], Edge margin=0.100V
INFO:__main__:Analysis complete: 2 peaks detected
INFO:werkzeug:127.0.0.1 - - [05/Oct/2025 03:13:35] "POST /api/analyze HTTP/1.1" 200 -
INFO:__main__:Received data keys: ['voltage', 'current', 'method', 'parameters']
INFO:__main__:Data content preview: {'voltage': [-0.40001, -0.390003, -0.379995, -0.369987, -0.359979, -0.349972, -0.339964, -0.329956, -0.319948, -0.30994, -0.299933, -0.289925, -0.279917, -0.269909, -0.259902, -0.249894, -0.239886, -0...
INFO:__main__:Analyzing CV data: 220 points
INFO:__main__:Voltage scan range: -0.400V to 0.701V (total: 1.101V)
INFO:__main__:Peak detection zone: -0.300V to 0.601V (margin: 0.100V)
INFO:__main__:Peak detection summary:
INFO:__main__:  Raw oxidation peaks found: 2
INFO:__main__:  Raw reduction peaks found: 1
INFO:__main__:  Filtered peaks (ferrocyanide range): 2
INFO:__main__:  Detection parameters: height=0.1, distance=10, prominence=0.05
INFO:__main__:  Flexible filtering: Peak zone=[-0.300-0.601V], Edge margin=0.100V
INFO:__main__:Analysis complete: 2 peaks detected
INFO:werkzeug:127.0.0.1 - - [05/Oct/2025 03:13:36] "POST /api/analyze HTTP/1.1" 200 -
INFO:__main__:Received data keys: ['voltage', 'current', 'method', 'parameters']
INFO:__main__:Data content preview: {'voltage': [-0.40001, -0.390003, -0.379995, -0.369987, -0.359979, -0.349972, -0.339964, -0.329956, -0.319948, -0.30994, -0.299933, -0.289925, -0.279917, -0.269909, -0.259902, -0.249894, -0.239886, -0...
INFO:__main__:Analyzing CV data: 220 points
INFO:__main__:Voltage scan range: -0.400V to 0.701V (total: 1.101V)
INFO:__main__:Peak detection zone: -0.300V to 0.601V (margin: 0.100V)
INFO:__main__:Peak detection summary:
INFO:__main__:  Raw oxidation peaks found: 2
INFO:__main__:  Raw reduction peaks found: 1
INFO:__main__:  Filtered peaks (ferrocyanide range): 2
INFO:__main__:  Detection parameters: height=0.1, distance=10, prominence=0.05
INFO:__main__:  Flexible filtering: Peak zone=[-0.300-0.601V], Edge margin=0.100V
INFO:__main__:Analysis complete: 2 peaks detected
INFO:werkzeug:127.0.0.1 - - [05/Oct/2025 03:13:36] "POST /api/analyze HTTP/1.1" 200 -
INFO:__main__:Received data keys: ['voltage', 'current', 'method', 'parameters']
INFO:__main__:Data content preview: {'voltage': [-0.40001, -0.390003, -0.379995, -0.369987, -0.359979, -0.349972, -0.339964, -0.329956, -0.319948, -0.30994, -0.299933, -0.289925, -0.279917, -0.269909, -0.259902, -0.249894, -0.239886, -0...
INFO:__main__:Analyzing CV data: 221 points
INFO:__main__:Voltage scan range: -0.400V to 0.701V (total: 1.101V)
INFO:__main__:Peak detection zone: -0.300V to 0.601V (margin: 0.100V)
INFO:__main__:Peak detection summary:
INFO:__main__:  Raw oxidation peaks found: 2
INFO:__main__:  Raw reduction peaks found: 1
INFO:__main__:  Filtered peaks (ferrocyanide range): 2
INFO:__main__:  Detection parameters: height=0.1, distance=10, prominence=0.05
INFO:__main__:  Flexible filtering: Peak zone=[-0.300-0.601V], Edge margin=0.100V
INFO:__main__:Analysis complete: 2 peaks detected
INFO:werkzeug:127.0.0.1 - - [05/Oct/2025 03:13:36] "POST /api/analyze HTTP/1.1" 200 -
INFO:__main__:Received data keys: ['voltage', 'current', 'method', 'parameters']
INFO:__main__:Data content preview: {'voltage': [-0.40001, -0.390003, -0.379995, -0.369987, -0.359979, -0.349972, -0.339964, -0.329956, -0.319948, -0.30994, -0.299933, -0.289925, -0.279917, -0.269909, -0.259902, -0.249894, -0.239886, -0...
INFO:__main__:Analyzing CV data: 220 points
INFO:__main__:Voltage scan range: -0.400V to 0.701V (total: 1.101V)
INFO:__main__:Peak detection zone: -0.300V to 0.601V (margin: 0.100V)
INFO:__main__:Peak detection summary:
INFO:__main__:  Raw oxidation peaks found: 2
INFO:__main__:  Raw reduction peaks found: 1
INFO:__main__:  Filtered peaks (ferrocyanide range): 2
INFO:__main__:  Detection parameters: height=0.1, distance=10, prominence=0.05
INFO:__main__:  Flexible filtering: Peak zone=[-0.300-0.601V], Edge margin=0.100V
INFO:__main__:Analysis complete: 2 peaks detected
INFO:werkzeug:127.0.0.1 - - [05/Oct/2025 03:13:36] "POST /api/analyze HTTP/1.1" 200 -
INFO:__main__:Received data keys: ['voltage', 'current', 'method', 'parameters']
INFO:__main__:Data content preview: {'voltage': [-0.40001, -0.390003, -0.379995, -0.369987, -0.359979, -0.349972, -0.339964, -0.329956, -0.319948, -0.30994, -0.299933, -0.289925, -0.279917, -0.269909, -0.259902, -0.249894, -0.239886, -0...
INFO:__main__:Analyzing CV data: 220 points
INFO:__main__:Voltage scan range: -0.400V to 0.701V (total: 1.101V)
INFO:__main__:Peak detection zone: -0.300V to 0.601V (margin: 0.100V)
INFO:__main__:Peak detection summary:
INFO:__main__:  Raw oxidation peaks found: 2
INFO:__main__:  Raw reduction peaks found: 1
INFO:__main__:  Filtered peaks (ferrocyanide range): 2
INFO:__main__:  Detection parameters: height=0.1, distance=10, prominence=0.05
INFO:__main__:  Flexible filtering: Peak zone=[-0.300-0.601V], Edge margin=0.100V
INFO:__main__:Analysis complete: 2 peaks detected
INFO:werkzeug:127.0.0.1 - - [05/Oct/2025 03:13:37] "POST /api/analyze HTTP/1.1" 200 -
INFO:__main__:Received data keys: ['voltage', 'current', 'method', 'parameters']
INFO:__main__:Data content preview: {'voltage': [-0.40001, -0.390003, -0.379995, -0.369987, -0.359979, -0.349972, -0.339964, -0.329956, -0.319948, -0.30994, -0.299933, -0.289925, -0.279917, -0.269909, -0.259902, -0.249894, -0.239886, -0...
INFO:__main__:Analyzing CV data: 221 points
INFO:__main__:Voltage scan range: -0.400V to 0.701V (total: 1.101V)
INFO:__main__:Peak detection zone: -0.300V to 0.601V (margin: 0.100V)
INFO:__main__:Peak detection summary:
INFO:__main__:  Raw oxidation peaks found: 2
INFO:__main__:  Raw reduction peaks found: 1
INFO:__main__:  Filtered peaks (ferrocyanide range): 2
INFO:__main__:  Detection parameters: height=0.1, distance=10, prominence=0.05
INFO:__main__:  Flexible filtering: Peak zone=[-0.300-0.601V], Edge margin=0.100V
INFO:__main__:Analysis complete: 2 peaks detected
INFO:werkzeug:127.0.0.1 - - [05/Oct/2025 03:13:37] "POST /api/analyze HTTP/1.1" 200 -
INFO:__main__:Received data keys: ['voltage', 'current', 'method', 'parameters']
INFO:__main__:Data content preview: {'voltage': [-0.40001, -0.390003, -0.379995, -0.369987, -0.359979, -0.349972, -0.339964, -0.329956, -0.319948, -0.30994, -0.299933, -0.289925, -0.279917, -0.269909, -0.259902, -0.249894, -0.239886, -0...
INFO:__main__:Analyzing CV data: 220 points
INFO:__main__:Voltage scan range: -0.400V to 0.701V (total: 1.101V)
INFO:__main__:Peak detection zone: -0.300V to 0.601V (margin: 0.100V)
INFO:__main__:Peak detection summary:
INFO:__main__:  Raw oxidation peaks found: 2
INFO:__main__:  Raw reduction peaks found: 1
INFO:__main__:  Filtered peaks (ferrocyanide range): 2
INFO:__main__:  Detection parameters: height=0.1, distance=10, prominence=0.05
INFO:__main__:  Flexible filtering: Peak zone=[-0.300-0.601V], Edge margin=0.100V
INFO:__main__:Analysis complete: 2 peaks detected
INFO:werkzeug:127.0.0.1 - - [05/Oct/2025 03:13:37] "POST /api/analyze HTTP/1.1" 200 -
INFO:werkzeug:127.0.0.1 - - [05/Oct/2025 03:14:42] "GET /health HTTP/1.1" 200 -
INFO:werkzeug:127.0.0.1 - - [05/Oct/2025 03:14:42] "GET /health HTTP/1.1" 200 -
INFO:__main__:Received data keys: ['voltage', 'current', 'method', 'parameters']
INFO:__main__:Data content preview: {'voltage': [-0.40001, -0.390003, -0.379995, -0.369987, -0.359979, -0.349972, -0.339964, -0.329956, -0.319948, -0.30994, -0.299933, -0.289925, -0.279917, -0.269909, -0.259902, -0.249894, -0.239886, -0...
INFO:__main__:Analyzing CV data: 221 points
INFO:__main__:Voltage scan range: -0.400V to 0.701V (total: 1.101V)
INFO:__main__:Peak detection zone: -0.300V to 0.601V (margin: 0.100V)
INFO:__main__:Peak detection summary:
INFO:__main__:  Raw oxidation peaks found: 1
INFO:__main__:  Raw reduction peaks found: 1
INFO:__main__:  Filtered peaks (ferrocyanide range): 2
INFO:__main__:  Detection parameters: height=0.1, distance=10, prominence=0.05
INFO:__main__:  Flexible filtering: Peak zone=[-0.300-0.601V], Edge margin=0.100V
INFO:__main__:Analysis complete: 2 peaks detected
INFO:werkzeug:127.0.0.1 - - [05/Oct/2025 03:14:48] "POST /api/analyze HTTP/1.1" 200 -
INFO:__main__:Received data keys: ['voltage', 'current', 'method', 'parameters']
INFO:__main__:Data content preview: {'voltage': [-0.40001, -0.390003, -0.379995, -0.369987, -0.359979, -0.349972, -0.339964, -0.329956, -0.319948, -0.30994, -0.299933, -0.289925, -0.279917, -0.269909, -0.259902, -0.249894, -0.239886, -0...
INFO:__main__:Analyzing CV data: 220 points
INFO:__main__:Voltage scan range: -0.400V to 0.701V (total: 1.101V)
INFO:__main__:Peak detection zone: -0.300V to 0.601V (margin: 0.100V)
INFO:__main__:Peak detection summary:
INFO:__main__:  Raw oxidation peaks found: 1
INFO:__main__:  Raw reduction peaks found: 1
INFO:__main__:  Filtered peaks (ferrocyanide range): 2
INFO:__main__:  Detection parameters: height=0.1, distance=10, prominence=0.05
INFO:__main__:  Flexible filtering: Peak zone=[-0.300-0.601V], Edge margin=0.100V
INFO:__main__:Analysis complete: 2 peaks detected
INFO:werkzeug:127.0.0.1 - - [05/Oct/2025 03:15:01] "POST /api/analyze HTTP/1.1" 200 -
INFO:__main__:Received data keys: ['voltage', 'current', 'method', 'parameters']
INFO:__main__:Data content preview: {'voltage': [-0.40001, -0.390003, -0.379995, -0.369987, -0.359979, -0.349972, -0.339964, -0.329956, -0.319948, -0.30994, -0.299933, -0.289925, -0.279917, -0.269909, -0.259902, -0.249894, -0.239886, -0...
INFO:__main__:Analyzing CV data: 220 points
INFO:__main__:Voltage scan range: -0.400V to 0.701V (total: 1.101V)
INFO:__main__:Peak detection zone: -0.300V to 0.601V (margin: 0.100V)
INFO:__main__:Peak detection summary:
INFO:__main__:  Raw oxidation peaks found: 1
INFO:__main__:  Raw reduction peaks found: 1
INFO:__main__:  Filtered peaks (ferrocyanide range): 2
INFO:__main__:  Detection parameters: height=0.1, distance=10, prominence=0.05
INFO:__main__:  Flexible filtering: Peak zone=[-0.300-0.601V], Edge margin=0.100V
INFO:__main__:Analysis complete: 2 peaks detected
INFO:werkzeug:127.0.0.1 - - [05/Oct/2025 03:15:04] "POST /api/analyze HTTP/1.1" 200 -
INFO:__main__:Received data keys: ['voltage', 'current', 'method', 'parameters']
INFO:__main__:Data content preview: {'voltage': [-0.40001, -0.390003, -0.379995, -0.369987, -0.359979, -0.349972, -0.339964, -0.329956, -0.319948, -0.30994, -0.299933, -0.289925, -0.279917, -0.269909, -0.259902, -0.249894, -0.239886, -0...
INFO:__main__:Analyzing CV data: 220 points
INFO:__main__:Voltage scan range: -0.400V to 0.701V (total: 1.101V)
INFO:__main__:Peak detection zone: -0.300V to 0.601V (margin: 0.100V)
INFO:__main__:Peak detection summary:
INFO:__main__:  Raw oxidation peaks found: 1
INFO:__main__:  Raw reduction peaks found: 1
INFO:__main__:  Filtered peaks (ferrocyanide range): 2
INFO:__main__:  Detection parameters: height=0.1, distance=10, prominence=0.05
INFO:__main__:  Flexible filtering: Peak zone=[-0.300-0.601V], Edge margin=0.100V
INFO:__main__:Analysis complete: 2 peaks detected
INFO:werkzeug:127.0.0.1 - - [05/Oct/2025 03:15:06] "POST /api/analyze HTTP/1.1" 200 -
INFO:__main__:Received data keys: ['voltage', 'current', 'method', 'parameters']
INFO:__main__:Data content preview: {'voltage': [-0.40001, -0.390003, -0.379995, -0.369987, -0.359979, -0.349972, -0.339964, -0.329956, -0.319948, -0.30994, -0.299933, -0.289925, -0.279917, -0.269909, -0.259902, -0.249894, -0.239886, -0...
INFO:__main__:Analyzing CV data: 220 points
INFO:__main__:Voltage scan range: -0.400V to 0.701V (total: 1.101V)
INFO:__main__:Peak detection zone: -0.300V to 0.601V (margin: 0.100V)
INFO:__main__:Peak detection summary:
INFO:__main__:  Raw oxidation peaks found: 1
INFO:__main__:  Raw reduction peaks found: 1
INFO:__main__:  Filtered peaks (ferrocyanide range): 2
INFO:__main__:  Detection parameters: height=0.1, distance=10, prominence=0.05
INFO:__main__:  Flexible filtering: Peak zone=[-0.300-0.601V], Edge margin=0.100V
INFO:__main__:Analysis complete: 2 peaks detected
INFO:werkzeug:127.0.0.1 - - [05/Oct/2025 03:15:08] "POST /api/analyze HTTP/1.1" 200 -
INFO:__main__:Received data keys: ['voltage', 'current', 'method', 'parameters']
INFO:__main__:Data content preview: {'voltage': [-0.40001, -0.390003, -0.379995, -0.369987, -0.359979, -0.349972, -0.339964, -0.329956, -0.319948, -0.30994, -0.299933, -0.289925, -0.279917, -0.269909, -0.259902, -0.249894, -0.239886, -0...
INFO:__main__:Analyzing CV data: 220 points
INFO:__main__:Voltage scan range: -0.400V to 0.701V (total: 1.101V)
INFO:__main__:Peak detection zone: -0.300V to 0.601V (margin: 0.100V)
INFO:__main__:Peak detection summary:
INFO:__main__:  Raw oxidation peaks found: 1
INFO:__main__:  Raw reduction peaks found: 1
INFO:__main__:  Filtered peaks (ferrocyanide range): 2
INFO:__main__:  Detection parameters: height=0.1, distance=10, prominence=0.05
INFO:__main__:  Flexible filtering: Peak zone=[-0.300-0.601V], Edge margin=0.100V
INFO:__main__:Analysis complete: 2 peaks detected
INFO:werkzeug:127.0.0.1 - - [05/Oct/2025 03:15:09] "POST /api/analyze HTTP/1.1" 200 -
INFO:__main__:Received data keys: ['voltage', 'current', 'method', 'parameters']
INFO:__main__:Data content preview: {'voltage': [-0.40001, -0.390003, -0.379995, -0.369987, -0.359979, -0.349972, -0.339964, -0.329956, -0.319948, -0.30994, -0.299933, -0.289925, -0.279917, -0.269909, -0.259902, -0.249894, -0.239886, -0...
INFO:__main__:Analyzing CV data: 221 points
INFO:__main__:Voltage scan range: -0.400V to 0.701V (total: 1.101V)
INFO:__main__:Peak detection zone: -0.300V to 0.601V (margin: 0.100V)
INFO:__main__:Peak detection summary:
INFO:__main__:  Raw oxidation peaks found: 1
INFO:__main__:  Raw reduction peaks found: 1
INFO:__main__:  Filtered peaks (ferrocyanide range): 2
INFO:__main__:  Detection parameters: height=0.1, distance=10, prominence=0.05
INFO:__main__:  Flexible filtering: Peak zone=[-0.300-0.601V], Edge margin=0.100V
INFO:__main__:Analysis complete: 2 peaks detected
INFO:werkzeug:127.0.0.1 - - [05/Oct/2025 03:15:11] "POST /api/analyze HTTP/1.1" 200 -
INFO:__main__:Received data keys: ['voltage', 'current', 'method', 'parameters']
INFO:__main__:Data content preview: {'voltage': [-0.40001, -0.390003, -0.379995, -0.369987, -0.359979, -0.349972, -0.339964, -0.329956, -0.319948, -0.30994, -0.299933, -0.289925, -0.279917, -0.269909, -0.259902, -0.249894, -0.239886, -0...
INFO:__main__:Analyzing CV data: 220 points
INFO:__main__:Voltage scan range: -0.400V to 0.701V (total: 1.101V)
INFO:__main__:Peak detection zone: -0.300V to 0.601V (margin: 0.100V)
INFO:__main__:Peak detection summary:
INFO:__main__:  Raw oxidation peaks found: 1
INFO:__main__:  Raw reduction peaks found: 1
INFO:__main__:  Filtered peaks (ferrocyanide range): 2
INFO:__main__:  Detection parameters: height=0.1, distance=10, prominence=0.05
INFO:__main__:  Flexible filtering: Peak zone=[-0.300-0.601V], Edge margin=0.100V
INFO:__main__:Analysis complete: 2 peaks detected
INFO:werkzeug:127.0.0.1 - - [05/Oct/2025 03:15:12] "POST /api/analyze HTTP/1.1" 200 -
INFO:__main__:Received data keys: ['voltage', 'current', 'method', 'parameters']
INFO:__main__:Data content preview: {'voltage': [-0.40001, -0.390003, -0.379995, -0.369987, -0.359979, -0.349972, -0.339964, -0.329956, -0.319948, -0.30994, -0.299933, -0.289925, -0.279917, -0.269909, -0.259902, -0.249894, -0.239886, -0...
INFO:__main__:Analyzing CV data: 220 points
INFO:__main__:Voltage scan range: -0.400V to 0.701V (total: 1.101V)
INFO:__main__:Peak detection zone: -0.300V to 0.601V (margin: 0.100V)
INFO:__main__:Peak detection summary:
INFO:__main__:  Raw oxidation peaks found: 2
INFO:__main__:  Raw reduction peaks found: 1
INFO:__main__:  Filtered peaks (ferrocyanide range): 2
INFO:__main__:  Detection parameters: height=0.1, distance=10, prominence=0.05
INFO:__main__:  Flexible filtering: Peak zone=[-0.300-0.601V], Edge margin=0.100V
INFO:__main__:Analysis complete: 2 peaks detected
INFO:werkzeug:127.0.0.1 - - [05/Oct/2025 03:15:13] "POST /api/analyze HTTP/1.1" 200 -
INFO:__main__:Received data keys: ['voltage', 'current', 'method', 'parameters']
INFO:__main__:Data content preview: {'voltage': [-0.40001, -0.390003, -0.379995, -0.369987, -0.359979, -0.349972, -0.339964, -0.329956, -0.319948, -0.30994, -0.299933, -0.289925, -0.279917, -0.269909, -0.259902, -0.249894, -0.239886, -0...
INFO:__main__:Analyzing CV data: 220 points
INFO:__main__:Voltage scan range: -0.400V to 0.701V (total: 1.101V)
INFO:__main__:Peak detection zone: -0.300V to 0.601V (margin: 0.100V)
INFO:__main__:Peak detection summary:
INFO:__main__:  Raw oxidation peaks found: 1
INFO:__main__:  Raw reduction peaks found: 1
INFO:__main__:  Filtered peaks (ferrocyanide range): 2
INFO:__main__:  Detection parameters: height=0.1, distance=10, prominence=0.05
INFO:__main__:  Flexible filtering: Peak zone=[-0.300-0.601V], Edge margin=0.100V
INFO:__main__:Analysis complete: 2 peaks detected
INFO:werkzeug:127.0.0.1 - - [05/Oct/2025 03:15:19] "POST /api/analyze HTTP/1.1" 200 -
INFO:__main__:Received data keys: ['voltage', 'current', 'method', 'parameters']
INFO:__main__:Data content preview: {'voltage': [-0.40001, -0.390003, -0.379995, -0.369987, -0.359979, -0.349972, -0.339964, -0.329956, -0.319948, -0.30994, -0.299933, -0.289925, -0.279917, -0.269909, -0.259902, -0.249894, -0.239886, -0...
INFO:__main__:Analyzing CV data: 220 points
INFO:__main__:Voltage scan range: -0.400V to 0.701V (total: 1.101V)
INFO:__main__:Peak detection zone: -0.300V to 0.601V (margin: 0.100V)
INFO:__main__:Peak detection summary:
INFO:__main__:  Raw oxidation peaks found: 1
INFO:__main__:  Raw reduction peaks found: 1
INFO:__main__:  Filtered peaks (ferrocyanide range): 2
INFO:__main__:  Detection parameters: height=0.1, distance=10, prominence=0.05
INFO:__main__:  Flexible filtering: Peak zone=[-0.300-0.601V], Edge margin=0.100V
INFO:__main__:Analysis complete: 2 peaks detected
INFO:werkzeug:127.0.0.1 - - [05/Oct/2025 03:15:48] "POST /api/analyze HTTP/1.1" 200 -
INFO:__main__:Received data keys: ['voltage', 'current', 'method', 'parameters']
INFO:__main__:Data content preview: {'voltage': [-0.40001, -0.390003, -0.379995, -0.369987, -0.359979, -0.349972, -0.339964, -0.329956, -0.319948, -0.30994, -0.299933, -0.289925, -0.279917, -0.269909, -0.259902, -0.249894, -0.239886, -0...
INFO:__main__:Analyzing CV data: 220 points
INFO:__main__:Voltage scan range: -0.400V to 0.701V (total: 1.101V)
INFO:__main__:Peak detection zone: -0.300V to 0.601V (margin: 0.100V)
INFO:__main__:Peak detection summary:
INFO:__main__:  Raw oxidation peaks found: 2
INFO:__main__:  Raw reduction peaks found: 1
INFO:__main__:  Filtered peaks (ferrocyanide range): 2
INFO:__main__:  Detection parameters: height=0.1, distance=10, prominence=0.05
INFO:__main__:  Flexible filtering: Peak zone=[-0.300-0.601V], Edge margin=0.100V
INFO:__main__:Analysis complete: 2 peaks detected
INFO:werkzeug:127.0.0.1 - - [05/Oct/2025 03:15:52] "POST /api/analyze HTTP/1.1" 200 -
INFO:__main__:Received data keys: ['voltage', 'current', 'method', 'parameters']
INFO:__main__:Data content preview: {'voltage': [-0.40001, -0.390003, -0.379995, -0.369987, -0.359979, -0.349972, -0.339964, -0.329956, -0.319948, -0.30994, -0.299933, -0.289925, -0.279917, -0.269909, -0.259902, -0.249894, -0.239886, -0...
INFO:__main__:Analyzing CV data: 220 points
INFO:__main__:Voltage scan range: -0.400V to 0.701V (total: 1.101V)
INFO:__main__:Peak detection zone: -0.300V to 0.601V (margin: 0.100V)
INFO:__main__:Peak detection summary:
INFO:__main__:  Raw oxidation peaks found: 1
INFO:__main__:  Raw reduction peaks found: 1
INFO:__main__:  Filtered peaks (ferrocyanide range): 2
INFO:__main__:  Detection parameters: height=0.1, distance=10, prominence=0.05
INFO:__main__:  Flexible filtering: Peak zone=[-0.300-0.601V], Edge margin=0.100V
INFO:__main__:Analysis complete: 2 peaks detected
INFO:werkzeug:127.0.0.1 - - [05/Oct/2025 03:15:57] "POST /api/analyze HTTP/1.1" 200 -
INFO:__main__:Received data keys: ['voltage', 'current', 'method', 'parameters']
INFO:__main__:Data content preview: {'voltage': [-0.40001, -0.390003, -0.379995, -0.369987, -0.359979, -0.349972, -0.339964, -0.329956, -0.319948, -0.30994, -0.299933, -0.289925, -0.279917, -0.269909, -0.259902, -0.249894, -0.239886, -0...
INFO:__main__:Analyzing CV data: 220 points
INFO:__main__:Voltage scan range: -0.400V to 0.701V (total: 1.101V)
INFO:__main__:Peak detection zone: -0.300V to 0.601V (margin: 0.100V)
INFO:__main__:Peak detection summary:
INFO:__main__:  Raw oxidation peaks found: 1
INFO:__main__:  Raw reduction peaks found: 1
INFO:__main__:  Filtered peaks (ferrocyanide range): 2
INFO:__main__:  Detection parameters: height=0.1, distance=10, prominence=0.05
INFO:__main__:  Flexible filtering: Peak zone=[-0.300-0.601V], Edge margin=0.100V
INFO:__main__:Analysis complete: 2 peaks detected
INFO:werkzeug:127.0.0.1 - - [05/Oct/2025 03:16:01] "POST /api/analyze HTTP/1.1" 200 -
INFO:__main__:Received data keys: ['voltage', 'current', 'method', 'parameters']
INFO:__main__:Data content preview: {'voltage': [-0.40001, -0.390003, -0.379995, -0.369987, -0.359979, -0.349972, -0.339964, -0.329956, -0.319948, -0.30994, -0.299933, -0.289925, -0.279917, -0.269909, -0.259902, -0.249894, -0.239886, -0...
INFO:__main__:Analyzing CV data: 220 points
INFO:__main__:Voltage scan range: -0.400V to 0.701V (total: 1.101V)
INFO:__main__:Peak detection zone: -0.300V to 0.601V (margin: 0.100V)
INFO:__main__:Peak detection summary:
INFO:__main__:  Raw oxidation peaks found: 1
INFO:__main__:  Raw reduction peaks found: 1
INFO:__main__:  Filtered peaks (ferrocyanide range): 2
INFO:__main__:  Detection parameters: height=0.1, distance=10, prominence=0.05
INFO:__main__:  Flexible filtering: Peak zone=[-0.300-0.601V], Edge margin=0.100V
INFO:__main__:Analysis complete: 2 peaks detected
INFO:werkzeug:127.0.0.1 - - [05/Oct/2025 03:16:02] "POST /api/analyze HTTP/1.1" 200 -
INFO:__main__:Received data keys: ['voltage', 'current', 'method', 'parameters']
INFO:__main__:Data content preview: {'voltage': [-0.40001, -0.390003, -0.379995, -0.369987, -0.359979, -0.349972, -0.339964, -0.329956, -0.319948, -0.30994, -0.299933, -0.289925, -0.279917, -0.269909, -0.259902, -0.249894, -0.239886, -0...
INFO:__main__:Analyzing CV data: 220 points
INFO:__main__:Voltage scan range: -0.400V to 0.701V (total: 1.101V)
INFO:__main__:Peak detection zone: -0.300V to 0.601V (margin: 0.100V)
INFO:__main__:Peak detection summary:
INFO:__main__:  Raw oxidation peaks found: 1
INFO:__main__:  Raw reduction peaks found: 1
INFO:__main__:  Filtered peaks (ferrocyanide range): 2
INFO:__main__:  Detection parameters: height=0.1, distance=10, prominence=0.05
INFO:__main__:  Flexible filtering: Peak zone=[-0.300-0.601V], Edge margin=0.100V
INFO:__main__:Analysis complete: 2 peaks detected
INFO:werkzeug:127.0.0.1 - - [05/Oct/2025 03:16:03] "POST /api/analyze HTTP/1.1" 200 -
INFO:__main__:Received data keys: ['voltage', 'current', 'method', 'parameters']
INFO:__main__:Data content preview: {'voltage': [-0.40001, -0.390003, -0.379995, -0.369987, -0.359979, -0.349972, -0.339964, -0.329956, -0.319948, -0.30994, -0.299933, -0.289925, -0.279917, -0.269909, -0.259902, -0.249894, -0.239886, -0...
INFO:__main__:Analyzing CV data: 220 points
INFO:__main__:Voltage scan range: -0.400V to 0.701V (total: 1.101V)
INFO:__main__:Peak detection zone: -0.300V to 0.601V (margin: 0.100V)
INFO:__main__:Peak detection summary:
INFO:__main__:  Raw oxidation peaks found: 1
INFO:__main__:  Raw reduction peaks found: 1
INFO:__main__:  Filtered peaks (ferrocyanide range): 2
INFO:__main__:  Detection parameters: height=0.1, distance=10, prominence=0.05
INFO:__main__:  Flexible filtering: Peak zone=[-0.300-0.601V], Edge margin=0.100V
INFO:__main__:Analysis complete: 2 peaks detected
INFO:werkzeug:127.0.0.1 - - [05/Oct/2025 03:16:03] "POST /api/analyze HTTP/1.1" 200 -
INFO:__main__:Received data keys: ['voltage', 'current', 'method', 'parameters']
INFO:__main__:Data content preview: {'voltage': [-0.40001, -0.390003, -0.379995, -0.369987, -0.359979, -0.349972, -0.339964, -0.329956, -0.319948, -0.30994, -0.299933, -0.289925, -0.279917, -0.269909, -0.259902, -0.249894, -0.239886, -0...
INFO:__main__:Analyzing CV data: 220 points
INFO:__main__:Voltage scan range: -0.400V to 0.701V (total: 1.101V)
INFO:__main__:Peak detection zone: -0.300V to 0.601V (margin: 0.100V)
INFO:__main__:Peak detection summary:
INFO:__main__:  Raw oxidation peaks found: 1
INFO:__main__:  Raw reduction peaks found: 1
INFO:__main__:  Filtered peaks (ferrocyanide range): 2
INFO:__main__:  Detection parameters: height=0.1, distance=10, prominence=0.05
INFO:__main__:  Flexible filtering: Peak zone=[-0.300-0.601V], Edge margin=0.100V
INFO:__main__:Analysis complete: 2 peaks detected
INFO:werkzeug:127.0.0.1 - - [05/Oct/2025 03:16:04] "POST /api/analyze HTTP/1.1" 200 -
INFO:__main__:Received data keys: ['voltage', 'current', 'method', 'parameters']
INFO:__main__:Data content preview: {'voltage': [-0.40001, -0.390003, -0.379995, -0.369987, -0.359979, -0.349972, -0.339964, -0.329956, -0.319948, -0.30994, -0.299933, -0.289925, -0.279917, -0.269909, -0.259902, -0.249894, -0.239886, -0...
INFO:__main__:Analyzing CV data: 220 points
INFO:__main__:Voltage scan range: -0.400V to 0.701V (total: 1.101V)
INFO:__main__:Peak detection zone: -0.300V to 0.601V (margin: 0.100V)
INFO:__main__:Peak detection summary:
INFO:__main__:  Raw oxidation peaks found: 1
INFO:__main__:  Raw reduction peaks found: 1
INFO:__main__:  Filtered peaks (ferrocyanide range): 2
INFO:__main__:  Detection parameters: height=0.1, distance=10, prominence=0.05
INFO:__main__:  Flexible filtering: Peak zone=[-0.300-0.601V], Edge margin=0.100V
INFO:__main__:Analysis complete: 2 peaks detected
INFO:werkzeug:127.0.0.1 - - [05/Oct/2025 03:16:04] "POST /api/analyze HTTP/1.1" 200 -
INFO:__main__:Received data keys: ['voltage', 'current', 'method', 'parameters']
INFO:__main__:Data content preview: {'voltage': [-0.40001, -0.390003, -0.379995, -0.369987, -0.359979, -0.349972, -0.339964, -0.329956, -0.319948, -0.30994, -0.299933, -0.289925, -0.279917, -0.269909, -0.259902, -0.249894, -0.239886, -0...
INFO:__main__:Analyzing CV data: 220 points
INFO:__main__:Voltage scan range: -0.400V to 0.701V (total: 1.101V)
INFO:__main__:Peak detection zone: -0.300V to 0.601V (margin: 0.100V)
INFO:__main__:Peak detection summary:
INFO:__main__:  Raw oxidation peaks found: 1
INFO:__main__:  Raw reduction peaks found: 1
INFO:__main__:  Filtered peaks (ferrocyanide range): 2
INFO:__main__:  Detection parameters: height=0.1, distance=10, prominence=0.05
INFO:__main__:  Flexible filtering: Peak zone=[-0.300-0.601V], Edge margin=0.100V
INFO:__main__:Analysis complete: 2 peaks detected
INFO:werkzeug:127.0.0.1 - - [05/Oct/2025 03:16:04] "POST /api/analyze HTTP/1.1" 200 -
INFO:__main__:Received data keys: ['voltage', 'current', 'method', 'parameters']
INFO:__main__:Data content preview: {'voltage': [-0.40001, -0.390003, -0.379995, -0.369987, -0.359979, -0.349972, -0.339964, -0.329956, -0.319948, -0.30994, -0.299933, -0.289925, -0.279917, -0.269909, -0.259902, -0.249894, -0.239886, -0...
INFO:__main__:Analyzing CV data: 220 points
INFO:__main__:Voltage scan range: -0.400V to 0.701V (total: 1.101V)
INFO:__main__:Peak detection zone: -0.300V to 0.601V (margin: 0.100V)
INFO:__main__:Peak detection summary:
INFO:__main__:  Raw oxidation peaks found: 2
INFO:__main__:  Raw reduction peaks found: 1
INFO:__main__:  Filtered peaks (ferrocyanide range): 2
INFO:__main__:  Detection parameters: height=0.1, distance=10, prominence=0.05
INFO:__main__:  Flexible filtering: Peak zone=[-0.300-0.601V], Edge margin=0.100V
INFO:__main__:Analysis complete: 2 peaks detected
INFO:werkzeug:127.0.0.1 - - [05/Oct/2025 03:16:05] "POST /api/analyze HTTP/1.1" 200 -
INFO:__main__:Received data keys: ['voltage', 'current', 'method', 'parameters']
INFO:__main__:Data content preview: {'voltage': [-0.40001, -0.390003, -0.379995, -0.369987, -0.359979, -0.349972, -0.339964, -0.329956, -0.319948, -0.30994, -0.299933, -0.289925, -0.279917, -0.269909, -0.259902, -0.249894, -0.239886, -0...
INFO:__main__:Analyzing CV data: 220 points
INFO:__main__:Voltage scan range: -0.400V to 0.701V (total: 1.101V)
INFO:__main__:Peak detection zone: -0.300V to 0.601V (margin: 0.100V)
INFO:__main__:Peak detection summary:
INFO:__main__:  Raw oxidation peaks found: 2
INFO:__main__:  Raw reduction peaks found: 1
INFO:__main__:  Filtered peaks (ferrocyanide range): 2
INFO:__main__:  Detection parameters: height=0.1, distance=10, prominence=0.05
INFO:__main__:  Flexible filtering: Peak zone=[-0.300-0.601V], Edge margin=0.100V
INFO:__main__:Analysis complete: 2 peaks detected
INFO:werkzeug:127.0.0.1 - - [05/Oct/2025 03:16:05] "POST /api/analyze HTTP/1.1" 200 -
INFO:__main__:Received data keys: ['voltage', 'current', 'method', 'parameters']
INFO:__main__:Data content preview: {'voltage': [-0.40001, -0.390003, -0.379995, -0.369987, -0.359979, -0.349972, -0.339964, -0.329956, -0.319948, -0.30994, -0.299933, -0.289925, -0.279917, -0.269909, -0.259902, -0.249894, -0.239886, -0...
INFO:__main__:Analyzing CV data: 220 points
INFO:__main__:Voltage scan range: -0.400V to 0.701V (total: 1.101V)
INFO:__main__:Peak detection zone: -0.300V to 0.601V (margin: 0.100V)
INFO:__main__:Peak detection summary:
INFO:__main__:  Raw oxidation peaks found: 2
INFO:__main__:  Raw reduction peaks found: 1
INFO:__main__:  Filtered peaks (ferrocyanide range): 2
INFO:__main__:  Detection parameters: height=0.1, distance=10, prominence=0.05
INFO:__main__:  Flexible filtering: Peak zone=[-0.300-0.601V], Edge margin=0.100V
INFO:__main__:Analysis complete: 2 peaks detected
INFO:werkzeug:127.0.0.1 - - [05/Oct/2025 03:16:05] "POST /api/analyze HTTP/1.1" 200 -
INFO:__main__:Received data keys: ['voltage', 'current', 'method', 'parameters']
INFO:__main__:Data content preview: {'voltage': [-0.40001, -0.390003, -0.379995, -0.369987, -0.359979, -0.349972, -0.339964, -0.329956, -0.319948, -0.30994, -0.299933, -0.289925, -0.279917, -0.269909, -0.259902, -0.249894, -0.239886, -0...
INFO:__main__:Analyzing CV data: 221 points
INFO:__main__:Voltage scan range: -0.400V to 0.701V (total: 1.101V)
INFO:__main__:Peak detection zone: -0.300V to 0.601V (margin: 0.100V)
INFO:__main__:Peak detection summary:
INFO:__main__:  Raw oxidation peaks found: 1
INFO:__main__:  Raw reduction peaks found: 1
INFO:__main__:  Filtered peaks (ferrocyanide range): 2
INFO:__main__:  Detection parameters: height=0.1, distance=10, prominence=0.05
INFO:__main__:  Flexible filtering: Peak zone=[-0.300-0.601V], Edge margin=0.100V
INFO:__main__:Analysis complete: 2 peaks detected
INFO:werkzeug:127.0.0.1 - - [05/Oct/2025 03:16:05] "POST /api/analyze HTTP/1.1" 200 -
INFO:__main__:Received data keys: ['voltage', 'current', 'method', 'parameters']
INFO:__main__:Data content preview: {'voltage': [-0.40001, -0.390003, -0.379995, -0.369987, -0.359979, -0.349972, -0.339964, -0.329956, -0.319948, -0.30994, -0.299933, -0.289925, -0.279917, -0.269909, -0.259902, -0.249894, -0.239886, -0...
INFO:__main__:Analyzing CV data: 220 points
INFO:__main__:Voltage scan range: -0.400V to 0.701V (total: 1.101V)
INFO:__main__:Peak detection zone: -0.300V to 0.601V (margin: 0.100V)
INFO:__main__:Peak detection summary:
INFO:__main__:  Raw oxidation peaks found: 2
INFO:__main__:  Raw reduction peaks found: 1
INFO:__main__:  Filtered peaks (ferrocyanide range): 2
INFO:__main__:  Detection parameters: height=0.1, distance=10, prominence=0.05
INFO:__main__:  Flexible filtering: Peak zone=[-0.300-0.601V], Edge margin=0.100V
INFO:__main__:Analysis complete: 2 peaks detected
INFO:werkzeug:127.0.0.1 - - [05/Oct/2025 03:16:06] "POST /api/analyze HTTP/1.1" 200 -
INFO:__main__:Received data keys: ['voltage', 'current', 'method', 'parameters']
INFO:__main__:Data content preview: {'voltage': [-0.40001, -0.390003, -0.379995, -0.369987, -0.359979, -0.349972, -0.339964, -0.329956, -0.319948, -0.30994, -0.299933, -0.289925, -0.279917, -0.269909, -0.259902, -0.249894, -0.239886, -0...
INFO:__main__:Analyzing CV data: 220 points
INFO:__main__:Voltage scan range: -0.400V to 0.701V (total: 1.101V)
INFO:__main__:Peak detection zone: -0.300V to 0.601V (margin: 0.100V)
INFO:__main__:Peak detection summary:
INFO:__main__:  Raw oxidation peaks found: 2
INFO:__main__:  Raw reduction peaks found: 1
INFO:__main__:  Filtered peaks (ferrocyanide range): 2
INFO:__main__:  Detection parameters: height=0.1, distance=10, prominence=0.05
INFO:__main__:  Flexible filtering: Peak zone=[-0.300-0.601V], Edge margin=0.100V
INFO:__main__:Analysis complete: 2 peaks detected
INFO:werkzeug:127.0.0.1 - - [05/Oct/2025 03:16:06] "POST /api/analyze HTTP/1.1" 200 -
INFO:__main__:Received data keys: ['voltage', 'current', 'method', 'parameters']
INFO:__main__:Data content preview: {'voltage': [-0.40001, -0.390003, -0.379995, -0.369987, -0.359979, -0.349972, -0.339964, -0.329956, -0.319948, -0.30994, -0.299933, -0.289925, -0.279917, -0.269909, -0.259902, -0.249894, -0.239886, -0...
INFO:__main__:Analyzing CV data: 220 points
INFO:__main__:Voltage scan range: -0.400V to 0.701V (total: 1.101V)
INFO:__main__:Peak detection zone: -0.300V to 0.601V (margin: 0.100V)
INFO:__main__:Peak detection summary:
INFO:__main__:  Raw oxidation peaks found: 2
INFO:__main__:  Raw reduction peaks found: 1
INFO:__main__:  Filtered peaks (ferrocyanide range): 2
INFO:__main__:  Detection parameters: height=0.1, distance=10, prominence=0.05
INFO:__main__:  Flexible filtering: Peak zone=[-0.300-0.601V], Edge margin=0.100V
INFO:__main__:Analysis complete: 2 peaks detected
INFO:werkzeug:127.0.0.1 - - [05/Oct/2025 03:16:06] "POST /api/analyze HTTP/1.1" 200 -
INFO:__main__:Received data keys: ['voltage', 'current', 'method', 'parameters']
INFO:__main__:Data content preview: {'voltage': [-0.40001, -0.390003, -0.379995, -0.369987, -0.359979, -0.349972, -0.339964, -0.329956, -0.319948, -0.30994, -0.299933, -0.289925, -0.279917, -0.269909, -0.259902, -0.249894, -0.239886, -0...
INFO:__main__:Analyzing CV data: 220 points
INFO:__main__:Voltage scan range: -0.400V to 0.701V (total: 1.101V)
INFO:__main__:Peak detection zone: -0.300V to 0.601V (margin: 0.100V)
INFO:__main__:Peak detection summary:
INFO:__main__:  Raw oxidation peaks found: 2
INFO:__main__:  Raw reduction peaks found: 1
INFO:__main__:  Filtered peaks (ferrocyanide range): 2
INFO:__main__:  Detection parameters: height=0.1, distance=10, prominence=0.05
INFO:__main__:  Flexible filtering: Peak zone=[-0.300-0.601V], Edge margin=0.100V
INFO:__main__:Analysis complete: 2 peaks detected
INFO:werkzeug:127.0.0.1 - - [05/Oct/2025 03:16:07] "POST /api/analyze HTTP/1.1" 200 -
INFO:__main__:Received data keys: ['voltage', 'current', 'method', 'parameters']
INFO:__main__:Data content preview: {'voltage': [-0.40001, -0.390003, -0.379995, -0.369987, -0.359979, -0.349972, -0.339964, -0.329956, -0.319948, -0.30994, -0.299933, -0.289925, -0.279917, -0.269909, -0.259902, -0.249894, -0.239886, -0...
INFO:__main__:Analyzing CV data: 221 points
INFO:__main__:Voltage scan range: -0.400V to 0.701V (total: 1.101V)
INFO:__main__:Peak detection zone: -0.300V to 0.601V (margin: 0.100V)
INFO:__main__:Peak detection summary:
INFO:__main__:  Raw oxidation peaks found: 2
INFO:__main__:  Raw reduction peaks found: 1
INFO:__main__:  Filtered peaks (ferrocyanide range): 2
INFO:__main__:  Detection parameters: height=0.1, distance=10, prominence=0.05
INFO:__main__:  Flexible filtering: Peak zone=[-0.300-0.601V], Edge margin=0.100V
INFO:__main__:Analysis complete: 2 peaks detected
INFO:werkzeug:127.0.0.1 - - [05/Oct/2025 03:16:07] "POST /api/analyze HTTP/1.1" 200 -
INFO:__main__:Received data keys: ['voltage', 'current', 'method', 'parameters']
INFO:__main__:Data content preview: {'voltage': [-0.40001, -0.390003, -0.379995, -0.369987, -0.359979, -0.349972, -0.339964, -0.329956, -0.319948, -0.30994, -0.299933, -0.289925, -0.279917, -0.269909, -0.259902, -0.249894, -0.239886, -0...
INFO:__main__:Analyzing CV data: 220 points
INFO:__main__:Voltage scan range: -0.400V to 0.701V (total: 1.101V)
INFO:__main__:Peak detection zone: -0.300V to 0.601V (margin: 0.100V)
INFO:__main__:Peak detection summary:
INFO:__main__:  Raw oxidation peaks found: 1
INFO:__main__:  Raw reduction peaks found: 1
INFO:__main__:  Filtered peaks (ferrocyanide range): 2
INFO:__main__:  Detection parameters: height=0.1, distance=10, prominence=0.05
INFO:__main__:  Flexible filtering: Peak zone=[-0.300-0.601V], Edge margin=0.100V
INFO:__main__:Analysis complete: 2 peaks detected
INFO:werkzeug:127.0.0.1 - - [05/Oct/2025 03:16:07] "POST /api/analyze HTTP/1.1" 200 -
INFO:__main__:Received data keys: ['voltage', 'current', 'method', 'parameters']
INFO:__main__:Data content preview: {'voltage': [-0.40001, -0.390003, -0.379995, -0.369987, -0.359979, -0.349972, -0.339964, -0.329956, -0.319948, -0.30994, -0.299933, -0.289925, -0.279917, -0.269909, -0.259902, -0.249894, -0.239886, -0...
INFO:__main__:Analyzing CV data: 220 points
INFO:__main__:Voltage scan range: -0.400V to 0.701V (total: 1.101V)
INFO:__main__:Peak detection zone: -0.300V to 0.601V (margin: 0.100V)
INFO:__main__:Peak detection summary:
INFO:__main__:  Raw oxidation peaks found: 1
INFO:__main__:  Raw reduction peaks found: 1
INFO:__main__:  Filtered peaks (ferrocyanide range): 2
INFO:__main__:  Detection parameters: height=0.1, distance=10, prominence=0.05
INFO:__main__:  Flexible filtering: Peak zone=[-0.300-0.601V], Edge margin=0.100V
INFO:__main__:Analysis complete: 2 peaks detected
INFO:werkzeug:127.0.0.1 - - [05/Oct/2025 03:16:07] "POST /api/analyze HTTP/1.1" 200 -
INFO:__main__:Received data keys: ['voltage', 'current', 'method', 'parameters']
INFO:__main__:Data content preview: {'voltage': [-0.40001, -0.390003, -0.379995, -0.369987, -0.359979, -0.349972, -0.339964, -0.329956, -0.319948, -0.30994, -0.299933, -0.289925, -0.279917, -0.269909, -0.259902, -0.249894, -0.239886, -0...
INFO:__main__:Analyzing CV data: 220 points
INFO:__main__:Voltage scan range: -0.400V to 0.701V (total: 1.101V)
INFO:__main__:Peak detection zone: -0.300V to 0.601V (margin: 0.100V)
INFO:__main__:Peak detection summary:
INFO:__main__:  Raw oxidation peaks found: 1
INFO:__main__:  Raw reduction peaks found: 1
INFO:__main__:  Filtered peaks (ferrocyanide range): 2
INFO:__main__:  Detection parameters: height=0.1, distance=10, prominence=0.05
INFO:__main__:  Flexible filtering: Peak zone=[-0.300-0.601V], Edge margin=0.100V
INFO:__main__:Analysis complete: 2 peaks detected
INFO:werkzeug:127.0.0.1 - - [05/Oct/2025 03:16:08] "POST /api/analyze HTTP/1.1" 200 -
INFO:__main__:Received data keys: ['voltage', 'current', 'method', 'parameters']
INFO:__main__:Data content preview: {'voltage': [-0.40001, -0.390003, -0.379995, -0.369987, -0.359979, -0.349972, -0.339964, -0.329956, -0.319948, -0.30994, -0.299933, -0.289925, -0.279917, -0.269909, -0.259902, -0.249894, -0.239886, -0...
INFO:__main__:Analyzing CV data: 220 points
INFO:__main__:Voltage scan range: -0.400V to 0.701V (total: 1.101V)
INFO:__main__:Peak detection zone: -0.300V to 0.601V (margin: 0.100V)
INFO:__main__:Peak detection summary:
INFO:__main__:  Raw oxidation peaks found: 2
INFO:__main__:  Raw reduction peaks found: 1
INFO:__main__:  Filtered peaks (ferrocyanide range): 2
INFO:__main__:  Detection parameters: height=0.1, distance=10, prominence=0.05
INFO:__main__:  Flexible filtering: Peak zone=[-0.300-0.601V], Edge margin=0.100V
INFO:__main__:Analysis complete: 2 peaks detected
INFO:werkzeug:127.0.0.1 - - [05/Oct/2025 03:16:08] "POST /api/analyze HTTP/1.1" 200 -
INFO:__main__:Received data keys: ['voltage', 'current', 'method', 'parameters']
INFO:__main__:Data content preview: {'voltage': [-0.40001, -0.390003, -0.379995, -0.369987, -0.359979, -0.349972, -0.339964, -0.329956, -0.319948, -0.30994, -0.299933, -0.289925, -0.279917, -0.269909, -0.259902, -0.249894, -0.239886, -0...
INFO:__main__:Analyzing CV data: 220 points
INFO:__main__:Voltage scan range: -0.400V to 0.701V (total: 1.101V)
INFO:__main__:Peak detection zone: -0.300V to 0.601V (margin: 0.100V)
INFO:__main__:Peak detection summary:
INFO:__main__:  Raw oxidation peaks found: 2
INFO:__main__:  Raw reduction peaks found: 1
INFO:__main__:  Filtered peaks (ferrocyanide range): 2
INFO:__main__:  Detection parameters: height=0.1, distance=10, prominence=0.05
INFO:__main__:  Flexible filtering: Peak zone=[-0.300-0.601V], Edge margin=0.100V
INFO:__main__:Analysis complete: 2 peaks detected
INFO:werkzeug:127.0.0.1 - - [05/Oct/2025 03:16:08] "POST /api/analyze HTTP/1.1" 200 -
INFO:__main__:Received data keys: ['voltage', 'current', 'method', 'parameters']
INFO:__main__:Data content preview: {'voltage': [-0.40001, -0.390003, -0.379995, -0.369987, -0.359979, -0.349972, -0.339964, -0.329956, -0.319948, -0.30994, -0.299933, -0.289925, -0.279917, -0.269909, -0.259902, -0.249894, -0.239886, -0...
INFO:__main__:Analyzing CV data: 220 points
INFO:__main__:Voltage scan range: -0.400V to 0.701V (total: 1.101V)
INFO:__main__:Peak detection zone: -0.300V to 0.601V (margin: 0.100V)
INFO:__main__:Peak detection summary:
INFO:__main__:  Raw oxidation peaks found: 2
INFO:__main__:  Raw reduction peaks found: 1
INFO:__main__:  Filtered peaks (ferrocyanide range): 2
INFO:__main__:  Detection parameters: height=0.1, distance=10, prominence=0.05
INFO:__main__:  Flexible filtering: Peak zone=[-0.300-0.601V], Edge margin=0.100V
INFO:__main__:Analysis complete: 2 peaks detected
INFO:werkzeug:127.0.0.1 - - [05/Oct/2025 03:16:09] "POST /api/analyze HTTP/1.1" 200 -
INFO:__main__:Received data keys: ['voltage', 'current', 'method', 'parameters']
INFO:__main__:Data content preview: {'voltage': [-0.40001, -0.390003, -0.379995, -0.369987, -0.359979, -0.349972, -0.339964, -0.329956, -0.319948, -0.30994, -0.299933, -0.289925, -0.279917, -0.269909, -0.259902, -0.249894, -0.239886, -0...
INFO:__main__:Analyzing CV data: 220 points
INFO:__main__:Voltage scan range: -0.400V to 0.701V (total: 1.101V)
INFO:__main__:Peak detection zone: -0.300V to 0.601V (margin: 0.100V)
INFO:__main__:Peak detection summary:
INFO:__main__:  Raw oxidation peaks found: 1
INFO:__main__:  Raw reduction peaks found: 1
INFO:__main__:  Filtered peaks (ferrocyanide range): 2
INFO:__main__:  Detection parameters: height=0.1, distance=10, prominence=0.05
INFO:__main__:  Flexible filtering: Peak zone=[-0.300-0.601V], Edge margin=0.100V
INFO:__main__:Analysis complete: 2 peaks detected
INFO:werkzeug:127.0.0.1 - - [05/Oct/2025 03:16:09] "POST /api/analyze HTTP/1.1" 200 -
INFO:__main__:Received data keys: ['voltage', 'current', 'method', 'parameters']
INFO:__main__:Data content preview: {'voltage': [-0.40001, -0.390003, -0.379995, -0.369987, -0.359979, -0.349972, -0.339964, -0.329956, -0.319948, -0.30994, -0.299933, -0.289925, -0.279917, -0.269909, -0.259902, -0.249894, -0.239886, -0...
INFO:__main__:Analyzing CV data: 220 points
INFO:__main__:Voltage scan range: -0.400V to 0.701V (total: 1.101V)
INFO:__main__:Peak detection zone: -0.300V to 0.601V (margin: 0.100V)
INFO:__main__:Peak detection summary:
INFO:__main__:  Raw oxidation peaks found: 1
INFO:__main__:  Raw reduction peaks found: 1
INFO:__main__:  Filtered peaks (ferrocyanide range): 2
INFO:__main__:  Detection parameters: height=0.1, distance=10, prominence=0.05
INFO:__main__:  Flexible filtering: Peak zone=[-0.300-0.601V], Edge margin=0.100V
INFO:__main__:Analysis complete: 2 peaks detected
INFO:werkzeug:127.0.0.1 - - [05/Oct/2025 03:16:09] "POST /api/analyze HTTP/1.1" 200 -
INFO:__main__:Received data keys: ['voltage', 'current', 'method', 'parameters']
INFO:__main__:Data content preview: {'voltage': [-0.40001, -0.390003, -0.379995, -0.369987, -0.359979, -0.349972, -0.339964, -0.329956, -0.319948, -0.30994, -0.299933, -0.289925, -0.279917, -0.269909, -0.259902, -0.249894, -0.239886, -0...
INFO:__main__:Analyzing CV data: 220 points
INFO:__main__:Voltage scan range: -0.400V to 0.701V (total: 1.101V)
INFO:__main__:Peak detection zone: -0.300V to 0.601V (margin: 0.100V)
INFO:__main__:Peak detection summary:
INFO:__main__:  Raw oxidation peaks found: 1
INFO:__main__:  Raw reduction peaks found: 1
INFO:__main__:  Filtered peaks (ferrocyanide range): 2
INFO:__main__:  Detection parameters: height=0.1, distance=10, prominence=0.05
INFO:__main__:  Flexible filtering: Peak zone=[-0.300-0.601V], Edge margin=0.100V
INFO:__main__:Analysis complete: 2 peaks detected
INFO:werkzeug:127.0.0.1 - - [05/Oct/2025 03:16:09] "POST /api/analyze HTTP/1.1" 200 -
INFO:__main__:Received data keys: ['voltage', 'current', 'method', 'parameters']
INFO:__main__:Data content preview: {'voltage': [-0.40001, -0.390003, -0.379995, -0.369987, -0.359979, -0.349972, -0.339964, -0.329956, -0.319948, -0.30994, -0.299933, -0.289925, -0.279917, -0.269909, -0.259902, -0.249894, -0.239886, -0...
INFO:__main__:Analyzing CV data: 220 points
INFO:__main__:Voltage scan range: -0.400V to 0.701V (total: 1.101V)
INFO:__main__:Peak detection zone: -0.300V to 0.601V (margin: 0.100V)
INFO:__main__:Peak detection summary:
INFO:__main__:  Raw oxidation peaks found: 1
INFO:__main__:  Raw reduction peaks found: 1
INFO:__main__:  Filtered peaks (ferrocyanide range): 2
INFO:__main__:  Detection parameters: height=0.1, distance=10, prominence=0.05
INFO:__main__:  Flexible filtering: Peak zone=[-0.300-0.601V], Edge margin=0.100V
INFO:__main__:Analysis complete: 2 peaks detected
INFO:werkzeug:127.0.0.1 - - [05/Oct/2025 03:16:10] "POST /api/analyze HTTP/1.1" 200 -
INFO:__main__:Received data keys: ['voltage', 'current', 'method', 'parameters']
INFO:__main__:Data content preview: {'voltage': [-0.40001, -0.390003, -0.379995, -0.369987, -0.359979, -0.349972, -0.339964, -0.329956, -0.319948, -0.30994, -0.299933, -0.289925, -0.279917, -0.269909, -0.259902, -0.249894, -0.239886, -0...
INFO:__main__:Analyzing CV data: 220 points
INFO:__main__:Voltage scan range: -0.400V to 0.701V (total: 1.101V)
INFO:__main__:Peak detection zone: -0.300V to 0.601V (margin: 0.100V)
INFO:__main__:Peak detection summary:
INFO:__main__:  Raw oxidation peaks found: 1
INFO:__main__:  Raw reduction peaks found: 1
INFO:__main__:  Filtered peaks (ferrocyanide range): 2
INFO:__main__:  Detection parameters: height=0.1, distance=10, prominence=0.05
INFO:__main__:  Flexible filtering: Peak zone=[-0.300-0.601V], Edge margin=0.100V
INFO:__main__:Analysis complete: 2 peaks detected
INFO:werkzeug:127.0.0.1 - - [05/Oct/2025 03:16:10] "POST /api/analyze HTTP/1.1" 200 -
INFO:__main__:Received data keys: ['voltage', 'current', 'method', 'parameters']
INFO:__main__:Data content preview: {'voltage': [-0.40001, -0.390003, -0.379995, -0.369987, -0.359979, -0.349972, -0.339964, -0.329956, -0.319948, -0.30994, -0.299933, -0.289925, -0.279917, -0.269909, -0.259902, -0.249894, -0.239886, -0...
INFO:__main__:Analyzing CV data: 220 points
INFO:__main__:Voltage scan range: -0.400V to 0.701V (total: 1.101V)
INFO:__main__:Peak detection zone: -0.300V to 0.601V (margin: 0.100V)
INFO:__main__:Peak detection summary:
INFO:__main__:  Raw oxidation peaks found: 1
INFO:__main__:  Raw reduction peaks found: 1
INFO:__main__:  Filtered peaks (ferrocyanide range): 2
INFO:__main__:  Detection parameters: height=0.1, distance=10, prominence=0.05
INFO:__main__:  Flexible filtering: Peak zone=[-0.300-0.601V], Edge margin=0.100V
INFO:__main__:Analysis complete: 2 peaks detected
INFO:werkzeug:127.0.0.1 - - [05/Oct/2025 03:16:10] "POST /api/analyze HTTP/1.1" 200 -
INFO:__main__:Received data keys: ['voltage', 'current', 'method', 'parameters']
INFO:__main__:Data content preview: {'voltage': [-0.40001, -0.390003, -0.379995, -0.369987, -0.359979, -0.349972, -0.339964, -0.329956, -0.319948, -0.30994, -0.299933, -0.289925, -0.279917, -0.269909, -0.259902, -0.249894, -0.239886, -0...
INFO:__main__:Analyzing CV data: 220 points
INFO:__main__:Voltage scan range: -0.400V to 0.701V (total: 1.101V)
INFO:__main__:Peak detection zone: -0.300V to 0.601V (margin: 0.100V)
INFO:__main__:Peak detection summary:
INFO:__main__:  Raw oxidation peaks found: 1
INFO:__main__:  Raw reduction peaks found: 1
INFO:__main__:  Filtered peaks (ferrocyanide range): 2
INFO:__main__:  Detection parameters: height=0.1, distance=10, prominence=0.05
INFO:__main__:  Flexible filtering: Peak zone=[-0.300-0.601V], Edge margin=0.100V
INFO:__main__:Analysis complete: 2 peaks detected
INFO:werkzeug:127.0.0.1 - - [05/Oct/2025 03:16:11] "POST /api/analyze HTTP/1.1" 200 -
INFO:__main__:Received data keys: ['voltage', 'current', 'method', 'parameters']
INFO:__main__:Data content preview: {'voltage': [-0.40001, -0.390003, -0.379995, -0.369987, -0.359979, -0.349972, -0.339964, -0.329956, -0.319948, -0.30994, -0.299933, -0.289925, -0.279917, -0.269909, -0.259902, -0.249894, -0.239886, -0...
INFO:__main__:Analyzing CV data: 220 points
INFO:__main__:Voltage scan range: -0.400V to 0.701V (total: 1.101V)
INFO:__main__:Peak detection zone: -0.300V to 0.601V (margin: 0.100V)
INFO:__main__:Peak detection summary:
INFO:__main__:  Raw oxidation peaks found: 1
INFO:__main__:  Raw reduction peaks found: 1
INFO:__main__:  Filtered peaks (ferrocyanide range): 2
INFO:__main__:  Detection parameters: height=0.1, distance=10, prominence=0.05
INFO:__main__:  Flexible filtering: Peak zone=[-0.300-0.601V], Edge margin=0.100V
INFO:__main__:Analysis complete: 2 peaks detected
INFO:werkzeug:127.0.0.1 - - [05/Oct/2025 03:16:11] "POST /api/analyze HTTP/1.1" 200 -
INFO:__main__:Received data keys: ['voltage', 'current', 'method', 'parameters']
INFO:__main__:Data content preview: {'voltage': [-0.40001, -0.390003, -0.379995, -0.369987, -0.359979, -0.349972, -0.339964, -0.329956, -0.319948, -0.30994, -0.299933, -0.289925, -0.279917, -0.269909, -0.259902, -0.249894, -0.239886, -0...
INFO:__main__:Analyzing CV data: 220 points
INFO:__main__:Voltage scan range: -0.400V to 0.701V (total: 1.101V)
INFO:__main__:Peak detection zone: -0.300V to 0.601V (margin: 0.100V)
INFO:__main__:Peak detection summary:
INFO:__main__:  Raw oxidation peaks found: 1
INFO:__main__:  Raw reduction peaks found: 1
INFO:__main__:  Filtered peaks (ferrocyanide range): 2
INFO:__main__:  Detection parameters: height=0.1, distance=10, prominence=0.05
INFO:__main__:  Flexible filtering: Peak zone=[-0.300-0.601V], Edge margin=0.100V
INFO:__main__:Analysis complete: 2 peaks detected
INFO:werkzeug:127.0.0.1 - - [05/Oct/2025 03:16:11] "POST /api/analyze HTTP/1.1" 200 -
INFO:__main__:Received data keys: ['voltage', 'current', 'method', 'parameters']
INFO:__main__:Data content preview: {'voltage': [-0.40001, -0.390003, -0.379995, -0.369987, -0.359979, -0.349972, -0.339964, -0.329956, -0.319948, -0.30994, -0.299933, -0.289925, -0.279917, -0.269909, -0.259902, -0.249894, -0.239886, -0...
INFO:__main__:Analyzing CV data: 220 points
INFO:__main__:Voltage scan range: -0.400V to 0.701V (total: 1.101V)
INFO:__main__:Peak detection zone: -0.300V to 0.601V (margin: 0.100V)
INFO:__main__:Peak detection summary:
INFO:__main__:  Raw oxidation peaks found: 1
INFO:__main__:  Raw reduction peaks found: 1
INFO:__main__:  Filtered peaks (ferrocyanide range): 2
INFO:__main__:  Detection parameters: height=0.1, distance=10, prominence=0.05
INFO:__main__:  Flexible filtering: Peak zone=[-0.300-0.601V], Edge margin=0.100V
INFO:__main__:Analysis complete: 2 peaks detected
INFO:werkzeug:127.0.0.1 - - [05/Oct/2025 03:16:12] "POST /api/analyze HTTP/1.1" 200 -
INFO:__main__:Received data keys: ['voltage', 'current', 'method', 'parameters']
INFO:__main__:Data content preview: {'voltage': [-0.40001, -0.390003, -0.379995, -0.369987, -0.359979, -0.349972, -0.339964, -0.329956, -0.319948, -0.30994, -0.299933, -0.289925, -0.279917, -0.269909, -0.259902, -0.249894, -0.239886, -0...
INFO:__main__:Analyzing CV data: 220 points
INFO:__main__:Voltage scan range: -0.400V to 0.701V (total: 1.101V)
INFO:__main__:Peak detection zone: -0.300V to 0.601V (margin: 0.100V)
INFO:__main__:Peak detection summary:
INFO:__main__:  Raw oxidation peaks found: 1
INFO:__main__:  Raw reduction peaks found: 1
INFO:__main__:  Filtered peaks (ferrocyanide range): 2
INFO:__main__:  Detection parameters: height=0.1, distance=10, prominence=0.05
INFO:__main__:  Flexible filtering: Peak zone=[-0.300-0.601V], Edge margin=0.100V
INFO:__main__:Analysis complete: 2 peaks detected
INFO:werkzeug:127.0.0.1 - - [05/Oct/2025 03:16:12] "POST /api/analyze HTTP/1.1" 200 -
INFO:__main__:Received data keys: ['voltage', 'current', 'method', 'parameters']
INFO:__main__:Data content preview: {'voltage': [-0.40001, -0.390003, -0.379995, -0.369987, -0.359979, -0.349972, -0.339964, -0.329956, -0.319948, -0.30994, -0.299933, -0.289925, -0.279917, -0.269909, -0.259902, -0.249894, -0.239886, -0...
INFO:__main__:Analyzing CV data: 220 points
INFO:__main__:Voltage scan range: -0.400V to 0.701V (total: 1.101V)
INFO:__main__:Peak detection zone: -0.300V to 0.601V (margin: 0.100V)
INFO:__main__:Peak detection summary:
INFO:__main__:  Raw oxidation peaks found: 1
INFO:__main__:  Raw reduction peaks found: 1
INFO:__main__:  Filtered peaks (ferrocyanide range): 2
INFO:__main__:  Detection parameters: height=0.1, distance=10, prominence=0.05
INFO:__main__:  Flexible filtering: Peak zone=[-0.300-0.601V], Edge margin=0.100V
INFO:__main__:Analysis complete: 2 peaks detected
INFO:werkzeug:127.0.0.1 - - [05/Oct/2025 03:16:12] "POST /api/analyze HTTP/1.1" 200 -
INFO:__main__:Received data keys: ['voltage', 'current', 'method', 'parameters']
INFO:__main__:Data content preview: {'voltage': [-0.40001, -0.390003, -0.379995, -0.369987, -0.359979, -0.349972, -0.339964, -0.329956, -0.319948, -0.30994, -0.299933, -0.289925, -0.279917, -0.269909, -0.259902, -0.249894, -0.239886, -0...
INFO:__main__:Analyzing CV data: 221 points
INFO:__main__:Voltage scan range: -0.400V to 0.701V (total: 1.101V)
INFO:__main__:Peak detection zone: -0.300V to 0.601V (margin: 0.100V)
INFO:__main__:Peak detection summary:
INFO:__main__:  Raw oxidation peaks found: 1
INFO:__main__:  Raw reduction peaks found: 1
INFO:__main__:  Filtered peaks (ferrocyanide range): 2
INFO:__main__:  Detection parameters: height=0.1, distance=10, prominence=0.05
INFO:__main__:  Flexible filtering: Peak zone=[-0.300-0.601V], Edge margin=0.100V
INFO:__main__:Analysis complete: 2 peaks detected
INFO:werkzeug:127.0.0.1 - - [05/Oct/2025 03:16:12] "POST /api/analyze HTTP/1.1" 200 -
INFO:__main__:Received data keys: ['voltage', 'current', 'method', 'parameters']
INFO:__main__:Data content preview: {'voltage': [-0.40001, -0.390003, -0.379995, -0.369987, -0.359979, -0.349972, -0.339964, -0.329956, -0.319948, -0.30994, -0.299933, -0.289925, -0.279917, -0.269909, -0.259902, -0.249894, -0.239886, -0...
INFO:__main__:Analyzing CV data: 220 points
INFO:__main__:Voltage scan range: -0.400V to 0.701V (total: 1.101V)
INFO:__main__:Peak detection zone: -0.300V to 0.601V (margin: 0.100V)
INFO:__main__:Peak detection summary:
INFO:__main__:  Raw oxidation peaks found: 1
INFO:__main__:  Raw reduction peaks found: 1
INFO:__main__:  Filtered peaks (ferrocyanide range): 2
INFO:__main__:  Detection parameters: height=0.1, distance=10, prominence=0.05
INFO:__main__:  Flexible filtering: Peak zone=[-0.300-0.601V], Edge margin=0.100V
INFO:__main__:Analysis complete: 2 peaks detected
INFO:werkzeug:127.0.0.1 - - [05/Oct/2025 03:16:13] "POST /api/analyze HTTP/1.1" 200 -
INFO:__main__:Received data keys: ['voltage', 'current', 'method', 'parameters']
INFO:__main__:Data content preview: {'voltage': [-0.40001, -0.390003, -0.379995, -0.369987, -0.359979, -0.349972, -0.339964, -0.329956, -0.319948, -0.30994, -0.299933, -0.289925, -0.279917, -0.269909, -0.259902, -0.249894, -0.239886, -0...
INFO:__main__:Analyzing CV data: 220 points
INFO:__main__:Voltage scan range: -0.400V to 0.701V (total: 1.101V)
INFO:__main__:Peak detection zone: -0.300V to 0.601V (margin: 0.100V)
INFO:__main__:Peak detection summary:
INFO:__main__:  Raw oxidation peaks found: 1
INFO:__main__:  Raw reduction peaks found: 1
INFO:__main__:  Filtered peaks (ferrocyanide range): 2
INFO:__main__:  Detection parameters: height=0.1, distance=10, prominence=0.05
INFO:__main__:  Flexible filtering: Peak zone=[-0.300-0.601V], Edge margin=0.100V
INFO:__main__:Analysis complete: 2 peaks detected
INFO:werkzeug:127.0.0.1 - - [05/Oct/2025 03:16:13] "POST /api/analyze HTTP/1.1" 200 -
INFO:__main__:Received data keys: ['voltage', 'current', 'method', 'parameters']
INFO:__main__:Data content preview: {'voltage': [-0.40001, -0.390003, -0.379995, -0.369987, -0.359979, -0.349972, -0.339964, -0.329956, -0.319948, -0.30994, -0.299933, -0.289925, -0.279917, -0.269909, -0.259902, -0.249894, -0.239886, -0...
INFO:__main__:Analyzing CV data: 221 points
INFO:__main__:Voltage scan range: -0.400V to 0.701V (total: 1.101V)
INFO:__main__:Peak detection zone: -0.300V to 0.601V (margin: 0.100V)
INFO:__main__:Peak detection summary:
INFO:__main__:  Raw oxidation peaks found: 1
INFO:__main__:  Raw reduction peaks found: 1
INFO:__main__:  Filtered peaks (ferrocyanide range): 2
INFO:__main__:  Detection parameters: height=0.1, distance=10, prominence=0.05
INFO:__main__:  Flexible filtering: Peak zone=[-0.300-0.601V], Edge margin=0.100V
INFO:__main__:Analysis complete: 2 peaks detected
INFO:werkzeug:127.0.0.1 - - [05/Oct/2025 03:16:13] "POST /api/analyze HTTP/1.1" 200 -
INFO:__main__:Received data keys: ['voltage', 'current', 'method', 'parameters']
INFO:__main__:Data content preview: {'voltage': [-0.40001, -0.390003, -0.379995, -0.369987, -0.359979, -0.349972, -0.339964, -0.329956, -0.319948, -0.30994, -0.299933, -0.289925, -0.279917, -0.269909, -0.259902, -0.249894, -0.239886, -0...
INFO:__main__:Analyzing CV data: 220 points
INFO:__main__:Voltage scan range: -0.400V to 0.701V (total: 1.101V)
INFO:__main__:Peak detection zone: -0.300V to 0.601V (margin: 0.100V)
INFO:__main__:Peak detection summary:
INFO:__main__:  Raw oxidation peaks found: 2
INFO:__main__:  Raw reduction peaks found: 1
INFO:__main__:  Filtered peaks (ferrocyanide range): 2
INFO:__main__:  Detection parameters: height=0.1, distance=10, prominence=0.05
INFO:__main__:  Flexible filtering: Peak zone=[-0.300-0.601V], Edge margin=0.100V
INFO:__main__:Analysis complete: 2 peaks detected
INFO:werkzeug:127.0.0.1 - - [05/Oct/2025 03:16:14] "POST /api/analyze HTTP/1.1" 200 -
INFO:__main__:Received data keys: ['voltage', 'current', 'method', 'parameters']
INFO:__main__:Data content preview: {'voltage': [-0.40001, -0.390003, -0.379995, -0.369987, -0.359979, -0.349972, -0.339964, -0.329956, -0.319948, -0.30994, -0.299933, -0.289925, -0.279917, -0.269909, -0.259902, -0.249894, -0.239886, -0...
INFO:__main__:Analyzing CV data: 220 points
INFO:__main__:Voltage scan range: -0.400V to 0.701V (total: 1.101V)
INFO:__main__:Peak detection zone: -0.300V to 0.601V (margin: 0.100V)
INFO:__main__:Peak detection summary:
INFO:__main__:  Raw oxidation peaks found: 2
INFO:__main__:  Raw reduction peaks found: 1
INFO:__main__:  Filtered peaks (ferrocyanide range): 2
INFO:__main__:  Detection parameters: height=0.1, distance=10, prominence=0.05
INFO:__main__:  Flexible filtering: Peak zone=[-0.300-0.601V], Edge margin=0.100V
INFO:__main__:Analysis complete: 2 peaks detected
INFO:werkzeug:127.0.0.1 - - [05/Oct/2025 03:16:14] "POST /api/analyze HTTP/1.1" 200 -
INFO:__main__:Received data keys: ['voltage', 'current', 'method', 'parameters']
INFO:__main__:Data content preview: {'voltage': [-0.40001, -0.390003, -0.379995, -0.369987, -0.359979, -0.349972, -0.339964, -0.329956, -0.319948, -0.30994, -0.299933, -0.289925, -0.279917, -0.269909, -0.259902, -0.249894, -0.239886, -0...
INFO:__main__:Analyzing CV data: 220 points
INFO:__main__:Voltage scan range: -0.400V to 0.701V (total: 1.101V)
INFO:__main__:Peak detection zone: -0.300V to 0.601V (margin: 0.100V)
INFO:__main__:Peak detection summary:
INFO:__main__:  Raw oxidation peaks found: 1
INFO:__main__:  Raw reduction peaks found: 1
INFO:__main__:  Filtered peaks (ferrocyanide range): 2
INFO:__main__:  Detection parameters: height=0.1, distance=10, prominence=0.05
INFO:__main__:  Flexible filtering: Peak zone=[-0.300-0.601V], Edge margin=0.100V
INFO:__main__:Analysis complete: 2 peaks detected
INFO:werkzeug:127.0.0.1 - - [05/Oct/2025 03:16:14] "POST /api/analyze HTTP/1.1" 200 -
INFO:__main__:Received data keys: ['voltage', 'current', 'method', 'parameters']
INFO:__main__:Data content preview: {'voltage': [-0.40001, -0.390003, -0.379995, -0.369987, -0.359979, -0.349972, -0.339964, -0.329956, -0.319948, -0.30994, -0.299933, -0.289925, -0.279917, -0.269909, -0.259902, -0.249894, -0.239886, -0...
INFO:__main__:Analyzing CV data: 220 points
INFO:__main__:Voltage scan range: -0.400V to 0.701V (total: 1.101V)
INFO:__main__:Peak detection zone: -0.300V to 0.601V (margin: 0.100V)
INFO:__main__:Peak detection summary:
INFO:__main__:  Raw oxidation peaks found: 1
INFO:__main__:  Raw reduction peaks found: 1
INFO:__main__:  Filtered peaks (ferrocyanide range): 2
INFO:__main__:  Detection parameters: height=0.1, distance=10, prominence=0.05
INFO:__main__:  Flexible filtering: Peak zone=[-0.300-0.601V], Edge margin=0.100V
INFO:__main__:Analysis complete: 2 peaks detected
INFO:werkzeug:127.0.0.1 - - [05/Oct/2025 03:16:14] "POST /api/analyze HTTP/1.1" 200 -
INFO:__main__:Received data keys: ['voltage', 'current', 'method', 'parameters']
INFO:__main__:Data content preview: {'voltage': [-0.40001, -0.390003, -0.379995, -0.369987, -0.359979, -0.349972, -0.339964, -0.329956, -0.319948, -0.30994, -0.299933, -0.289925, -0.279917, -0.269909, -0.259902, -0.249894, -0.239886, -0...
INFO:__main__:Analyzing CV data: 220 points
INFO:__main__:Voltage scan range: -0.400V to 0.701V (total: 1.101V)
INFO:__main__:Peak detection zone: -0.300V to 0.601V (margin: 0.100V)
INFO:__main__:Peak detection summary:
INFO:__main__:  Raw oxidation peaks found: 1
INFO:__main__:  Raw reduction peaks found: 1
INFO:__main__:  Filtered peaks (ferrocyanide range): 2
INFO:__main__:  Detection parameters: height=0.1, distance=10, prominence=0.05
INFO:__main__:  Flexible filtering: Peak zone=[-0.300-0.601V], Edge margin=0.100V
INFO:__main__:Analysis complete: 2 peaks detected
INFO:werkzeug:127.0.0.1 - - [05/Oct/2025 03:16:15] "POST /api/analyze HTTP/1.1" 200 -
INFO:__main__:Received data keys: ['voltage', 'current', 'method', 'parameters']
INFO:__main__:Data content preview: {'voltage': [-0.40001, -0.390003, -0.379995, -0.369987, -0.359979, -0.349972, -0.339964, -0.329956, -0.319948, -0.30994, -0.299933, -0.289925, -0.279917, -0.269909, -0.259902, -0.249894, -0.239886, -0...
INFO:__main__:Analyzing CV data: 220 points
INFO:__main__:Voltage scan range: -0.400V to 0.701V (total: 1.101V)
INFO:__main__:Peak detection zone: -0.300V to 0.601V (margin: 0.100V)
INFO:__main__:Peak detection summary:
INFO:__main__:  Raw oxidation peaks found: 1
INFO:__main__:  Raw reduction peaks found: 1
INFO:__main__:  Filtered peaks (ferrocyanide range): 2
INFO:__main__:  Detection parameters: height=0.1, distance=10, prominence=0.05
INFO:__main__:  Flexible filtering: Peak zone=[-0.300-0.601V], Edge margin=0.100V
INFO:__main__:Analysis complete: 2 peaks detected
INFO:werkzeug:127.0.0.1 - - [05/Oct/2025 03:16:15] "POST /api/analyze HTTP/1.1" 200 -
INFO:__main__:Received data keys: ['voltage', 'current', 'method', 'parameters']
INFO:__main__:Data content preview: {'voltage': [-0.40001, -0.390003, -0.379995, -0.369987, -0.359979, -0.349972, -0.339964, -0.329956, -0.319948, -0.30994, -0.299933, -0.289925, -0.279917, -0.269909, -0.259902, -0.249894, -0.239886, -0...
INFO:__main__:Analyzing CV data: 220 points
INFO:__main__:Voltage scan range: -0.400V to 0.701V (total: 1.101V)
INFO:__main__:Peak detection zone: -0.300V to 0.601V (margin: 0.100V)
INFO:__main__:Peak detection summary:
INFO:__main__:  Raw oxidation peaks found: 1
INFO:__main__:  Raw reduction peaks found: 1
INFO:__main__:  Filtered peaks (ferrocyanide range): 2
INFO:__main__:  Detection parameters: height=0.1, distance=10, prominence=0.05
INFO:__main__:  Flexible filtering: Peak zone=[-0.300-0.601V], Edge margin=0.100V
INFO:__main__:Analysis complete: 2 peaks detected
INFO:werkzeug:127.0.0.1 - - [05/Oct/2025 03:16:15] "POST /api/analyze HTTP/1.1" 200 -
INFO:__main__:Received data keys: ['voltage', 'current', 'method', 'parameters']
INFO:__main__:Data content preview: {'voltage': [-0.40001, -0.390003, -0.379995, -0.369987, -0.359979, -0.349972, -0.339964, -0.329956, -0.319948, -0.30994, -0.299933, -0.289925, -0.279917, -0.269909, -0.259902, -0.249894, -0.239886, -0...
INFO:__main__:Analyzing CV data: 221 points
INFO:__main__:Voltage scan range: -0.400V to 0.701V (total: 1.101V)
INFO:__main__:Peak detection zone: -0.300V to 0.601V (margin: 0.100V)
INFO:__main__:Peak detection summary:
INFO:__main__:  Raw oxidation peaks found: 1
INFO:__main__:  Raw reduction peaks found: 1
INFO:__main__:  Filtered peaks (ferrocyanide range): 2
INFO:__main__:  Detection parameters: height=0.1, distance=10, prominence=0.05
INFO:__main__:  Flexible filtering: Peak zone=[-0.300-0.601V], Edge margin=0.100V
INFO:__main__:Analysis complete: 2 peaks detected
INFO:werkzeug:127.0.0.1 - - [05/Oct/2025 03:16:16] "POST /api/analyze HTTP/1.1" 200 -
INFO:__main__:Received data keys: ['voltage', 'current', 'method', 'parameters']
INFO:__main__:Data content preview: {'voltage': [-0.40001, -0.390003, -0.379995, -0.369987, -0.359979, -0.349972, -0.339964, -0.329956, -0.319948, -0.30994, -0.299933, -0.289925, -0.279917, -0.269909, -0.259902, -0.249894, -0.239886, -0...
INFO:__main__:Analyzing CV data: 220 points
INFO:__main__:Voltage scan range: -0.400V to 0.701V (total: 1.101V)
INFO:__main__:Peak detection zone: -0.300V to 0.601V (margin: 0.100V)
INFO:__main__:Peak detection summary:
INFO:__main__:  Raw oxidation peaks found: 2
INFO:__main__:  Raw reduction peaks found: 1
INFO:__main__:  Filtered peaks (ferrocyanide range): 2
INFO:__main__:  Detection parameters: height=0.1, distance=10, prominence=0.05
INFO:__main__:  Flexible filtering: Peak zone=[-0.300-0.601V], Edge margin=0.100V
INFO:__main__:Analysis complete: 2 peaks detected
INFO:werkzeug:127.0.0.1 - - [05/Oct/2025 03:16:16] "POST /api/analyze HTTP/1.1" 200 -
INFO:__main__:Received data keys: ['voltage', 'current', 'method', 'parameters']
INFO:__main__:Data content preview: {'voltage': [-0.40001, -0.390003, -0.379995, -0.369987, -0.359979, -0.349972, -0.339964, -0.329956, -0.319948, -0.30994, -0.299933, -0.289925, -0.279917, -0.269909, -0.259902, -0.249894, -0.239886, -0...
INFO:__main__:Analyzing CV data: 220 points
INFO:__main__:Voltage scan range: -0.400V to 0.701V (total: 1.101V)
INFO:__main__:Peak detection zone: -0.300V to 0.601V (margin: 0.100V)
INFO:__main__:Peak detection summary:
INFO:__main__:  Raw oxidation peaks found: 2
INFO:__main__:  Raw reduction peaks found: 1
INFO:__main__:  Filtered peaks (ferrocyanide range): 2
INFO:__main__:  Detection parameters: height=0.1, distance=10, prominence=0.05
INFO:__main__:  Flexible filtering: Peak zone=[-0.300-0.601V], Edge margin=0.100V
INFO:__main__:Analysis complete: 2 peaks detected
INFO:werkzeug:127.0.0.1 - - [05/Oct/2025 03:16:16] "POST /api/analyze HTTP/1.1" 200 -
INFO:__main__:Received data keys: ['voltage', 'current', 'method', 'parameters']
INFO:__main__:Data content preview: {'voltage': [-0.40001, -0.390003, -0.379995, -0.369987, -0.359979, -0.349972, -0.339964, -0.329956, -0.319948, -0.30994, -0.299933, -0.289925, -0.279917, -0.269909, -0.259902, -0.249894, -0.239886, -0...
INFO:__main__:Analyzing CV data: 220 points
INFO:__main__:Voltage scan range: -0.400V to 0.701V (total: 1.101V)
INFO:__main__:Peak detection zone: -0.300V to 0.601V (margin: 0.100V)
INFO:__main__:Peak detection summary:
INFO:__main__:  Raw oxidation peaks found: 2
INFO:__main__:  Raw reduction peaks found: 1
INFO:__main__:  Filtered peaks (ferrocyanide range): 2
INFO:__main__:  Detection parameters: height=0.1, distance=10, prominence=0.05
INFO:__main__:  Flexible filtering: Peak zone=[-0.300-0.601V], Edge margin=0.100V
INFO:__main__:Analysis complete: 2 peaks detected
INFO:werkzeug:127.0.0.1 - - [05/Oct/2025 03:16:16] "POST /api/analyze HTTP/1.1" 200 -
INFO:__main__:Received data keys: ['voltage', 'current', 'method', 'parameters']
INFO:__main__:Data content preview: {'voltage': [-0.40001, -0.390003, -0.379995, -0.369987, -0.359979, -0.349972, -0.339964, -0.329956, -0.319948, -0.30994, -0.299933, -0.289925, -0.279917, -0.269909, -0.259902, -0.249894, -0.239886, -0...
INFO:__main__:Analyzing CV data: 220 points
INFO:__main__:Voltage scan range: -0.400V to 0.701V (total: 1.101V)
INFO:__main__:Peak detection zone: -0.300V to 0.601V (margin: 0.100V)
INFO:__main__:Peak detection summary:
INFO:__main__:  Raw oxidation peaks found: 2
INFO:__main__:  Raw reduction peaks found: 1
INFO:__main__:  Filtered peaks (ferrocyanide range): 2
INFO:__main__:  Detection parameters: height=0.1, distance=10, prominence=0.05
INFO:__main__:  Flexible filtering: Peak zone=[-0.300-0.601V], Edge margin=0.100V
INFO:__main__:Analysis complete: 2 peaks detected
INFO:werkzeug:127.0.0.1 - - [05/Oct/2025 03:16:17] "POST /api/analyze HTTP/1.1" 200 -
INFO:__main__:Received data keys: ['voltage', 'current', 'method', 'parameters']
INFO:__main__:Data content preview: {'voltage': [-0.40001, -0.390003, -0.379995, -0.369987, -0.359979, -0.349972, -0.339964, -0.329956, -0.319948, -0.30994, -0.299933, -0.289925, -0.279917, -0.269909, -0.259902, -0.249894, -0.239886, -0...
INFO:__main__:Analyzing CV data: 220 points
INFO:__main__:Voltage scan range: -0.400V to 0.701V (total: 1.101V)
INFO:__main__:Peak detection zone: -0.300V to 0.601V (margin: 0.100V)
INFO:__main__:Peak detection summary:
INFO:__main__:  Raw oxidation peaks found: 2
INFO:__main__:  Raw reduction peaks found: 1
INFO:__main__:  Filtered peaks (ferrocyanide range): 2
INFO:__main__:  Detection parameters: height=0.1, distance=10, prominence=0.05
INFO:__main__:  Flexible filtering: Peak zone=[-0.300-0.601V], Edge margin=0.100V
INFO:__main__:Analysis complete: 2 peaks detected
INFO:werkzeug:127.0.0.1 - - [05/Oct/2025 03:16:17] "POST /api/analyze HTTP/1.1" 200 -
INFO:__main__:Received data keys: ['voltage', 'current', 'method', 'parameters']
INFO:__main__:Data content preview: {'voltage': [-0.40001, -0.390003, -0.379995, -0.369987, -0.359979, -0.349972, -0.339964, -0.329956, -0.319948, -0.30994, -0.299933, -0.289925, -0.279917, -0.269909, -0.259902, -0.249894, -0.239886, -0...
INFO:__main__:Analyzing CV data: 220 points
INFO:__main__:Voltage scan range: -0.400V to 0.701V (total: 1.101V)
INFO:__main__:Peak detection zone: -0.300V to 0.601V (margin: 0.100V)
INFO:__main__:Peak detection summary:
INFO:__main__:  Raw oxidation peaks found: 2
INFO:__main__:  Raw reduction peaks found: 1
INFO:__main__:  Filtered peaks (ferrocyanide range): 2
INFO:__main__:  Detection parameters: height=0.1, distance=10, prominence=0.05
INFO:__main__:  Flexible filtering: Peak zone=[-0.300-0.601V], Edge margin=0.100V
INFO:__main__:Analysis complete: 2 peaks detected
INFO:werkzeug:127.0.0.1 - - [05/Oct/2025 03:16:17] "POST /api/analyze HTTP/1.1" 200 -
INFO:__main__:Received data keys: ['voltage', 'current', 'method', 'parameters']
INFO:__main__:Data content preview: {'voltage': [-0.40001, -0.390003, -0.379995, -0.369987, -0.359979, -0.349972, -0.339964, -0.329956, -0.319948, -0.30994, -0.299933, -0.289925, -0.279917, -0.269909, -0.259902, -0.249894, -0.239886, -0...
INFO:__main__:Analyzing CV data: 220 points
INFO:__main__:Voltage scan range: -0.400V to 0.701V (total: 1.101V)
INFO:__main__:Peak detection zone: -0.300V to 0.601V (margin: 0.100V)
INFO:__main__:Peak detection summary:
INFO:__main__:  Raw oxidation peaks found: 2
INFO:__main__:  Raw reduction peaks found: 1
INFO:__main__:  Filtered peaks (ferrocyanide range): 2
INFO:__main__:  Detection parameters: height=0.1, distance=10, prominence=0.05
INFO:__main__:  Flexible filtering: Peak zone=[-0.300-0.601V], Edge margin=0.100V
INFO:__main__:Analysis complete: 2 peaks detected
INFO:werkzeug:127.0.0.1 - - [05/Oct/2025 03:16:18] "POST /api/analyze HTTP/1.1" 200 -
INFO:__main__:Received data keys: ['voltage', 'current', 'method', 'parameters']
INFO:__main__:Data content preview: {'voltage': [-0.40001, -0.390003, -0.379995, -0.369987, -0.359979, -0.349972, -0.339964, -0.329956, -0.319948, -0.30994, -0.299933, -0.289925, -0.279917, -0.269909, -0.259902, -0.249894, -0.239886, -0...
INFO:__main__:Analyzing CV data: 220 points
INFO:__main__:Voltage scan range: -0.400V to 0.701V (total: 1.101V)
INFO:__main__:Peak detection zone: -0.300V to 0.601V (margin: 0.100V)
INFO:__main__:Peak detection summary:
INFO:__main__:  Raw oxidation peaks found: 1
INFO:__main__:  Raw reduction peaks found: 1
INFO:__main__:  Filtered peaks (ferrocyanide range): 2
INFO:__main__:  Detection parameters: height=0.1, distance=10, prominence=0.05
INFO:__main__:  Flexible filtering: Peak zone=[-0.300-0.601V], Edge margin=0.100V
INFO:__main__:Analysis complete: 2 peaks detected
INFO:werkzeug:127.0.0.1 - - [05/Oct/2025 03:16:33] "POST /api/analyze HTTP/1.1" 200 -
INFO:__main__:Received data keys: ['voltage', 'current', 'method', 'parameters']
INFO:__main__:Data content preview: {'voltage': [-0.40001, -0.390003, -0.379995, -0.369987, -0.359979, -0.349972, -0.339964, -0.329956, -0.319948, -0.30994, -0.299933, -0.289925, -0.279917, -0.269909, -0.259902, -0.249894, -0.239886, -0...
INFO:__main__:Analyzing CV data: 220 points
INFO:__main__:Voltage scan range: -0.400V to 0.701V (total: 1.101V)
INFO:__main__:Peak detection zone: -0.300V to 0.601V (margin: 0.100V)
INFO:__main__:Peak detection summary:
INFO:__main__:  Raw oxidation peaks found: 1
INFO:__main__:  Raw reduction peaks found: 1
INFO:__main__:  Filtered peaks (ferrocyanide range): 2
INFO:__main__:  Detection parameters: height=0.1, distance=10, prominence=0.05
INFO:__main__:  Flexible filtering: Peak zone=[-0.300-0.601V], Edge margin=0.100V
INFO:__main__:Analysis complete: 2 peaks detected
INFO:werkzeug:127.0.0.1 - - [05/Oct/2025 03:16:34] "POST /api/analyze HTTP/1.1" 200 -
INFO:__main__:Received data keys: ['voltage', 'current', 'method', 'parameters']
INFO:__main__:Data content preview: {'voltage': [-0.40001, -0.390003, -0.379995, -0.369987, -0.359979, -0.349972, -0.339964, -0.329956, -0.319948, -0.30994, -0.299933, -0.289925, -0.279917, -0.269909, -0.259902, -0.249894, -0.239886, -0...
INFO:__main__:Analyzing CV data: 220 points
INFO:__main__:Voltage scan range: -0.400V to 0.701V (total: 1.101V)
INFO:__main__:Peak detection zone: -0.300V to 0.601V (margin: 0.100V)
INFO:__main__:Peak detection summary:
INFO:__main__:  Raw oxidation peaks found: 1
INFO:__main__:  Raw reduction peaks found: 1
INFO:__main__:  Filtered peaks (ferrocyanide range): 2
INFO:__main__:  Detection parameters: height=0.1, distance=10, prominence=0.05
INFO:__main__:  Flexible filtering: Peak zone=[-0.300-0.601V], Edge margin=0.100V
INFO:__main__:Analysis complete: 2 peaks detected
INFO:werkzeug:127.0.0.1 - - [05/Oct/2025 03:16:35] "POST /api/analyze HTTP/1.1" 200 -
INFO:__main__:Received data keys: ['voltage', 'current', 'method', 'parameters']
INFO:__main__:Data content preview: {'voltage': [-0.40001, -0.390003, -0.379995, -0.369987, -0.359979, -0.349972, -0.339964, -0.329956, -0.319948, -0.30994, -0.299933, -0.289925, -0.279917, -0.269909, -0.259902, -0.249894, -0.239886, -0...
INFO:__main__:Analyzing CV data: 220 points
INFO:__main__:Voltage scan range: -0.400V to 0.701V (total: 1.101V)
INFO:__main__:Peak detection zone: -0.300V to 0.601V (margin: 0.100V)
INFO:__main__:Peak detection summary:
INFO:__main__:  Raw oxidation peaks found: 1
INFO:__main__:  Raw reduction peaks found: 1
INFO:__main__:  Filtered peaks (ferrocyanide range): 2
INFO:__main__:  Detection parameters: height=0.1, distance=10, prominence=0.05
INFO:__main__:  Flexible filtering: Peak zone=[-0.300-0.601V], Edge margin=0.100V
INFO:__main__:Analysis complete: 2 peaks detected
INFO:werkzeug:127.0.0.1 - - [05/Oct/2025 03:16:36] "POST /api/analyze HTTP/1.1" 200 -
INFO:__main__:Received data keys: ['voltage', 'current', 'method', 'parameters']
INFO:__main__:Data content preview: {'voltage': [-0.40001, -0.390003, -0.379995, -0.369987, -0.359979, -0.349972, -0.339964, -0.329956, -0.319948, -0.30994, -0.299933, -0.289925, -0.279917, -0.269909, -0.259902, -0.249894, -0.239886, -0...
INFO:__main__:Analyzing CV data: 220 points
INFO:__main__:Voltage scan range: -0.400V to 0.701V (total: 1.101V)
INFO:__main__:Peak detection zone: -0.300V to 0.601V (margin: 0.100V)
INFO:__main__:Peak detection summary:
INFO:__main__:  Raw oxidation peaks found: 1
INFO:__main__:  Raw reduction peaks found: 1
INFO:__main__:  Filtered peaks (ferrocyanide range): 2
INFO:__main__:  Detection parameters: height=0.1, distance=10, prominence=0.05
INFO:__main__:  Flexible filtering: Peak zone=[-0.300-0.601V], Edge margin=0.100V
INFO:__main__:Analysis complete: 2 peaks detected
INFO:werkzeug:127.0.0.1 - - [05/Oct/2025 03:16:37] "POST /api/analyze HTTP/1.1" 200 -
INFO:__main__:Received data keys: ['voltage', 'current', 'method', 'parameters']
INFO:__main__:Data content preview: {'voltage': [-0.40001, -0.390003, -0.379995, -0.369987, -0.359979, -0.349972, -0.339964, -0.329956, -0.319948, -0.30994, -0.299933, -0.289925, -0.279917, -0.269909, -0.259902, -0.249894, -0.239886, -0...
INFO:__main__:Analyzing CV data: 220 points
INFO:__main__:Voltage scan range: -0.400V to 0.701V (total: 1.101V)
INFO:__main__:Peak detection zone: -0.300V to 0.601V (margin: 0.100V)
INFO:__main__:Peak detection summary:
INFO:__main__:  Raw oxidation peaks found: 1
INFO:__main__:  Raw reduction peaks found: 1
INFO:__main__:  Filtered peaks (ferrocyanide range): 2
INFO:__main__:  Detection parameters: height=0.1, distance=10, prominence=0.05
INFO:__main__:  Flexible filtering: Peak zone=[-0.300-0.601V], Edge margin=0.100V
INFO:__main__:Analysis complete: 2 peaks detected
INFO:werkzeug:127.0.0.1 - - [05/Oct/2025 03:16:38] "POST /api/analyze HTTP/1.1" 200 -
INFO:__main__:Received data keys: ['voltage', 'current', 'method', 'parameters']
INFO:__main__:Data content preview: {'voltage': [-0.40001, -0.390003, -0.379995, -0.369987, -0.359979, -0.349972, -0.339964, -0.329956, -0.319948, -0.30994, -0.299933, -0.289925, -0.279917, -0.269909, -0.259902, -0.249894, -0.239886, -0...
INFO:__main__:Analyzing CV data: 220 points
INFO:__main__:Voltage scan range: -0.400V to 0.701V (total: 1.101V)
INFO:__main__:Peak detection zone: -0.300V to 0.601V (margin: 0.100V)
INFO:__main__:Peak detection summary:
INFO:__main__:  Raw oxidation peaks found: 1
INFO:__main__:  Raw reduction peaks found: 1
INFO:__main__:  Filtered peaks (ferrocyanide range): 2
INFO:__main__:  Detection parameters: height=0.1, distance=10, prominence=0.05
INFO:__main__:  Flexible filtering: Peak zone=[-0.300-0.601V], Edge margin=0.100V
INFO:__main__:Analysis complete: 2 peaks detected
INFO:werkzeug:127.0.0.1 - - [05/Oct/2025 03:16:38] "POST /api/analyze HTTP/1.1" 200 -
INFO:__main__:Received data keys: ['voltage', 'current', 'method', 'parameters']
INFO:__main__:Data content preview: {'voltage': [-0.40001, -0.390003, -0.379995, -0.369987, -0.359979, -0.349972, -0.339964, -0.329956, -0.319948, -0.30994, -0.299933, -0.289925, -0.279917, -0.269909, -0.259902, -0.249894, -0.239886, -0...
INFO:__main__:Analyzing CV data: 220 points
INFO:__main__:Voltage scan range: -0.400V to 0.701V (total: 1.101V)
INFO:__main__:Peak detection zone: -0.300V to 0.601V (margin: 0.100V)
INFO:__main__:Peak detection summary:
INFO:__main__:  Raw oxidation peaks found: 1
INFO:__main__:  Raw reduction peaks found: 1
INFO:__main__:  Filtered peaks (ferrocyanide range): 2
INFO:__main__:  Detection parameters: height=0.1, distance=10, prominence=0.05
INFO:__main__:  Flexible filtering: Peak zone=[-0.300-0.601V], Edge margin=0.100V
INFO:__main__:Analysis complete: 2 peaks detected
INFO:werkzeug:127.0.0.1 - - [05/Oct/2025 03:16:39] "POST /api/analyze HTTP/1.1" 200 -
INFO:__main__:Received data keys: ['voltage', 'current', 'method', 'parameters']
INFO:__main__:Data content preview: {'voltage': [-0.40001, -0.390003, -0.379995, -0.369987, -0.359979, -0.349972, -0.339964, -0.329956, -0.319948, -0.30994, -0.299933, -0.289925, -0.279917, -0.269909, -0.259902, -0.249894, -0.239886, -0...
INFO:__main__:Analyzing CV data: 220 points
INFO:__main__:Voltage scan range: -0.400V to 0.701V (total: 1.101V)
INFO:__main__:Peak detection zone: -0.300V to 0.601V (margin: 0.100V)
INFO:__main__:Peak detection summary:
INFO:__main__:  Raw oxidation peaks found: 1
INFO:__main__:  Raw reduction peaks found: 1
INFO:__main__:  Filtered peaks (ferrocyanide range): 2
INFO:__main__:  Detection parameters: height=0.1, distance=10, prominence=0.05
INFO:__main__:  Flexible filtering: Peak zone=[-0.300-0.601V], Edge margin=0.100V
INFO:__main__:Analysis complete: 2 peaks detected
INFO:werkzeug:127.0.0.1 - - [05/Oct/2025 03:16:39] "POST /api/analyze HTTP/1.1" 200 -
INFO:__main__:Received data keys: ['voltage', 'current', 'method', 'parameters']
INFO:__main__:Data content preview: {'voltage': [-0.40001, -0.390003, -0.379995, -0.369987, -0.359979, -0.349972, -0.339964, -0.329956, -0.319948, -0.30994, -0.299933, -0.289925, -0.279917, -0.269909, -0.259902, -0.249894, -0.239886, -0...
INFO:__main__:Analyzing CV data: 220 points
INFO:__main__:Voltage scan range: -0.400V to 0.701V (total: 1.101V)
INFO:__main__:Peak detection zone: -0.300V to 0.601V (margin: 0.100V)
INFO:__main__:Peak detection summary:
INFO:__main__:  Raw oxidation peaks found: 1
INFO:__main__:  Raw reduction peaks found: 1
INFO:__main__:  Filtered peaks (ferrocyanide range): 2
INFO:__main__:  Detection parameters: height=0.1, distance=10, prominence=0.05
INFO:__main__:  Flexible filtering: Peak zone=[-0.300-0.601V], Edge margin=0.100V
INFO:__main__:Analysis complete: 2 peaks detected
INFO:werkzeug:127.0.0.1 - - [05/Oct/2025 03:16:39] "POST /api/analyze HTTP/1.1" 200 -
INFO:__main__:Received data keys: ['voltage', 'current', 'method', 'parameters']
INFO:__main__:Data content preview: {'voltage': [-0.40001, -0.390003, -0.379995, -0.369987, -0.359979, -0.349972, -0.339964, -0.329956, -0.319948, -0.30994, -0.299933, -0.289925, -0.279917, -0.269909, -0.259902, -0.249894, -0.239886, -0...
INFO:__main__:Analyzing CV data: 220 points
INFO:__main__:Voltage scan range: -0.400V to 0.701V (total: 1.101V)
INFO:__main__:Peak detection zone: -0.300V to 0.601V (margin: 0.100V)
INFO:__main__:Peak detection summary:
INFO:__main__:  Raw oxidation peaks found: 1
INFO:__main__:  Raw reduction peaks found: 1
INFO:__main__:  Filtered peaks (ferrocyanide range): 2
INFO:__main__:  Detection parameters: height=0.1, distance=10, prominence=0.05
INFO:__main__:  Flexible filtering: Peak zone=[-0.300-0.601V], Edge margin=0.100V
INFO:__main__:Analysis complete: 2 peaks detected
INFO:werkzeug:127.0.0.1 - - [05/Oct/2025 03:16:40] "POST /api/analyze HTTP/1.1" 200 -
INFO:__main__:Received data keys: ['voltage', 'current', 'method', 'parameters']
INFO:__main__:Data content preview: {'voltage': [-0.40001, -0.390003, -0.379995, -0.369987, -0.359979, -0.349972, -0.339964, -0.329956, -0.319948, -0.30994, -0.299933, -0.289925, -0.279917, -0.269909, -0.259902, -0.249894, -0.239886, -0...
INFO:__main__:Analyzing CV data: 220 points
INFO:__main__:Voltage scan range: -0.400V to 0.701V (total: 1.101V)
INFO:__main__:Peak detection zone: -0.300V to 0.601V (margin: 0.100V)
INFO:__main__:Peak detection summary:
INFO:__main__:  Raw oxidation peaks found: 1
INFO:__main__:  Raw reduction peaks found: 1
INFO:__main__:  Filtered peaks (ferrocyanide range): 2
INFO:__main__:  Detection parameters: height=0.1, distance=10, prominence=0.05
INFO:__main__:  Flexible filtering: Peak zone=[-0.300-0.601V], Edge margin=0.100V
INFO:__main__:Analysis complete: 2 peaks detected
INFO:werkzeug:127.0.0.1 - - [05/Oct/2025 03:16:40] "POST /api/analyze HTTP/1.1" 200 -
INFO:__main__:Received data keys: ['voltage', 'current', 'method', 'parameters']
INFO:__main__:Data content preview: {'voltage': [-0.40001, -0.390003, -0.379995, -0.369987, -0.359979, -0.349972, -0.339964, -0.329956, -0.319948, -0.30994, -0.299933, -0.289925, -0.279917, -0.269909, -0.259902, -0.249894, -0.239886, -0...
INFO:__main__:Analyzing CV data: 220 points
INFO:__main__:Voltage scan range: -0.400V to 0.701V (total: 1.101V)
INFO:__main__:Peak detection zone: -0.300V to 0.601V (margin: 0.100V)
INFO:__main__:Peak detection summary:
INFO:__main__:  Raw oxidation peaks found: 1
INFO:__main__:  Raw reduction peaks found: 1
INFO:__main__:  Filtered peaks (ferrocyanide range): 2
INFO:__main__:  Detection parameters: height=0.1, distance=10, prominence=0.05
INFO:__main__:  Flexible filtering: Peak zone=[-0.300-0.601V], Edge margin=0.100V
INFO:__main__:Analysis complete: 2 peaks detected
INFO:werkzeug:127.0.0.1 - - [05/Oct/2025 03:16:40] "POST /api/analyze HTTP/1.1" 200 -
INFO:__main__:Received data keys: ['voltage', 'current', 'method', 'parameters']
INFO:__main__:Data content preview: {'voltage': [-0.40001, -0.390003, -0.379995, -0.369987, -0.359979, -0.349972, -0.339964, -0.329956, -0.319948, -0.30994, -0.299933, -0.289925, -0.279917, -0.269909, -0.259902, -0.249894, -0.239886, -0...
INFO:__main__:Analyzing CV data: 220 points
INFO:__main__:Voltage scan range: -0.400V to 0.701V (total: 1.101V)
INFO:__main__:Peak detection zone: -0.300V to 0.601V (margin: 0.100V)
INFO:__main__:Peak detection summary:
INFO:__main__:  Raw oxidation peaks found: 1
INFO:__main__:  Raw reduction peaks found: 1
INFO:__main__:  Filtered peaks (ferrocyanide range): 2
INFO:__main__:  Detection parameters: height=0.1, distance=10, prominence=0.05
INFO:__main__:  Flexible filtering: Peak zone=[-0.300-0.601V], Edge margin=0.100V
INFO:__main__:Analysis complete: 2 peaks detected
INFO:werkzeug:127.0.0.1 - - [05/Oct/2025 03:16:41] "POST /api/analyze HTTP/1.1" 200 -
INFO:__main__:Received data keys: ['voltage', 'current', 'method', 'parameters']
INFO:__main__:Data content preview: {'voltage': [-0.40001, -0.390003, -0.379995, -0.369987, -0.359979, -0.349972, -0.339964, -0.329956, -0.319948, -0.30994, -0.299933, -0.289925, -0.279917, -0.269909, -0.259902, -0.249894, -0.239886, -0...
INFO:__main__:Analyzing CV data: 220 points
INFO:__main__:Voltage scan range: -0.400V to 0.701V (total: 1.101V)
INFO:__main__:Peak detection zone: -0.300V to 0.601V (margin: 0.100V)
INFO:__main__:Peak detection summary:
INFO:__main__:  Raw oxidation peaks found: 1
INFO:__main__:  Raw reduction peaks found: 1
INFO:__main__:  Filtered peaks (ferrocyanide range): 2
INFO:__main__:  Detection parameters: height=0.1, distance=10, prominence=0.05
INFO:__main__:  Flexible filtering: Peak zone=[-0.300-0.601V], Edge margin=0.100V
INFO:__main__:Analysis complete: 2 peaks detected
INFO:werkzeug:127.0.0.1 - - [05/Oct/2025 03:16:41] "POST /api/analyze HTTP/1.1" 200 -
INFO:__main__:Received data keys: ['voltage', 'current', 'method', 'parameters']
INFO:__main__:Data content preview: {'voltage': [-0.40001, -0.390003, -0.379995, -0.369987, -0.359979, -0.349972, -0.339964, -0.329956, -0.319948, -0.30994, -0.299933, -0.289925, -0.279917, -0.269909, -0.259902, -0.249894, -0.239886, -0...
INFO:__main__:Analyzing CV data: 220 points
INFO:__main__:Voltage scan range: -0.400V to 0.701V (total: 1.101V)
INFO:__main__:Peak detection zone: -0.300V to 0.601V (margin: 0.100V)
INFO:__main__:Peak detection summary:
INFO:__main__:  Raw oxidation peaks found: 1
INFO:__main__:  Raw reduction peaks found: 1
INFO:__main__:  Filtered peaks (ferrocyanide range): 2
INFO:__main__:  Detection parameters: height=0.1, distance=10, prominence=0.05
INFO:__main__:  Flexible filtering: Peak zone=[-0.300-0.601V], Edge margin=0.100V
INFO:__main__:Analysis complete: 2 peaks detected
INFO:werkzeug:127.0.0.1 - - [05/Oct/2025 03:16:41] "POST /api/analyze HTTP/1.1" 200 -
INFO:__main__:Received data keys: ['voltage', 'current', 'method', 'parameters']
INFO:__main__:Data content preview: {'voltage': [-0.40001, -0.390003, -0.379995, -0.369987, -0.359979, -0.349972, -0.339964, -0.329956, -0.319948, -0.30994, -0.299933, -0.289925, -0.279917, -0.269909, -0.259902, -0.249894, -0.239886, -0...
INFO:__main__:Analyzing CV data: 221 points
INFO:__main__:Voltage scan range: -0.400V to 0.701V (total: 1.101V)
INFO:__main__:Peak detection zone: -0.300V to 0.601V (margin: 0.100V)
INFO:__main__:Peak detection summary:
INFO:__main__:  Raw oxidation peaks found: 1
INFO:__main__:  Raw reduction peaks found: 1
INFO:__main__:  Filtered peaks (ferrocyanide range): 2
INFO:__main__:  Detection parameters: height=0.1, distance=10, prominence=0.05
INFO:__main__:  Flexible filtering: Peak zone=[-0.300-0.601V], Edge margin=0.100V
INFO:__main__:Analysis complete: 2 peaks detected
INFO:werkzeug:127.0.0.1 - - [05/Oct/2025 03:16:41] "POST /api/analyze HTTP/1.1" 200 -
INFO:__main__:Received data keys: ['voltage', 'current', 'method', 'parameters']
INFO:__main__:Data content preview: {'voltage': [-0.40001, -0.390003, -0.379995, -0.369987, -0.359979, -0.349972, -0.339964, -0.329956, -0.319948, -0.30994, -0.299933, -0.289925, -0.279917, -0.269909, -0.259902, -0.249894, -0.239886, -0...
INFO:__main__:Analyzing CV data: 220 points
INFO:__main__:Voltage scan range: -0.400V to 0.701V (total: 1.101V)
INFO:__main__:Peak detection zone: -0.300V to 0.601V (margin: 0.100V)
INFO:__main__:Peak detection summary:
INFO:__main__:  Raw oxidation peaks found: 1
INFO:__main__:  Raw reduction peaks found: 1
INFO:__main__:  Filtered peaks (ferrocyanide range): 2
INFO:__main__:  Detection parameters: height=0.1, distance=10, prominence=0.05
INFO:__main__:  Flexible filtering: Peak zone=[-0.300-0.601V], Edge margin=0.100V
INFO:__main__:Analysis complete: 2 peaks detected
INFO:werkzeug:127.0.0.1 - - [05/Oct/2025 03:16:42] "POST /api/analyze HTTP/1.1" 200 -
INFO:__main__:Received data keys: ['voltage', 'current', 'method', 'parameters']
INFO:__main__:Data content preview: {'voltage': [-0.40001, -0.390003, -0.379995, -0.369987, -0.359979, -0.349972, -0.339964, -0.329956, -0.319948, -0.30994, -0.299933, -0.289925, -0.279917, -0.269909, -0.259902, -0.249894, -0.239886, -0...
INFO:__main__:Analyzing CV data: 220 points
INFO:__main__:Voltage scan range: -0.400V to 0.701V (total: 1.101V)
INFO:__main__:Peak detection zone: -0.300V to 0.601V (margin: 0.100V)
INFO:__main__:Peak detection summary:
INFO:__main__:  Raw oxidation peaks found: 1
INFO:__main__:  Raw reduction peaks found: 1
INFO:__main__:  Filtered peaks (ferrocyanide range): 2
INFO:__main__:  Detection parameters: height=0.1, distance=10, prominence=0.05
INFO:__main__:  Flexible filtering: Peak zone=[-0.300-0.601V], Edge margin=0.100V
INFO:__main__:Analysis complete: 2 peaks detected
INFO:werkzeug:127.0.0.1 - - [05/Oct/2025 03:16:42] "POST /api/analyze HTTP/1.1" 200 -
INFO:__main__:Received data keys: ['voltage', 'current', 'method', 'parameters']
INFO:__main__:Data content preview: {'voltage': [-0.40001, -0.390003, -0.379995, -0.369987, -0.359979, -0.349972, -0.339964, -0.329956, -0.319948, -0.30994, -0.299933, -0.289925, -0.279917, -0.269909, -0.259902, -0.249894, -0.239886, -0...
INFO:__main__:Analyzing CV data: 220 points
INFO:__main__:Voltage scan range: -0.400V to 0.701V (total: 1.101V)
INFO:__main__:Peak detection zone: -0.300V to 0.601V (margin: 0.100V)
INFO:__main__:Peak detection summary:
INFO:__main__:  Raw oxidation peaks found: 1
INFO:__main__:  Raw reduction peaks found: 1
INFO:__main__:  Filtered peaks (ferrocyanide range): 2
INFO:__main__:  Detection parameters: height=0.1, distance=10, prominence=0.05
INFO:__main__:  Flexible filtering: Peak zone=[-0.300-0.601V], Edge margin=0.100V
INFO:__main__:Analysis complete: 2 peaks detected
INFO:werkzeug:127.0.0.1 - - [05/Oct/2025 03:16:42] "POST /api/analyze HTTP/1.1" 200 -
INFO:__main__:Received data keys: ['voltage', 'current', 'method', 'parameters']
INFO:__main__:Data content preview: {'voltage': [-0.40001, -0.390003, -0.379995, -0.369987, -0.359979, -0.349972, -0.339964, -0.329956, -0.319948, -0.30994, -0.299933, -0.289925, -0.279917, -0.269909, -0.259902, -0.249894, -0.239886, -0...
INFO:__main__:Analyzing CV data: 220 points
INFO:__main__:Voltage scan range: -0.400V to 0.701V (total: 1.101V)
INFO:__main__:Peak detection zone: -0.300V to 0.601V (margin: 0.100V)
INFO:__main__:Peak detection summary:
INFO:__main__:  Raw oxidation peaks found: 1
INFO:__main__:  Raw reduction peaks found: 1
INFO:__main__:  Filtered peaks (ferrocyanide range): 2
INFO:__main__:  Detection parameters: height=0.1, distance=10, prominence=0.05
INFO:__main__:  Flexible filtering: Peak zone=[-0.300-0.601V], Edge margin=0.100V
INFO:__main__:Analysis complete: 2 peaks detected
INFO:werkzeug:127.0.0.1 - - [05/Oct/2025 03:16:43] "POST /api/analyze HTTP/1.1" 200 -
INFO:__main__:Received data keys: ['voltage', 'current', 'method', 'parameters']
INFO:__main__:Data content preview: {'voltage': [-0.40001, -0.390003, -0.379995, -0.369987, -0.359979, -0.349972, -0.339964, -0.329956, -0.319948, -0.30994, -0.299933, -0.289925, -0.279917, -0.269909, -0.259902, -0.249894, -0.239886, -0...
INFO:__main__:Analyzing CV data: 221 points
INFO:__main__:Voltage scan range: -0.400V to 0.701V (total: 1.101V)
INFO:__main__:Peak detection zone: -0.300V to 0.601V (margin: 0.100V)
INFO:__main__:Peak detection summary:
INFO:__main__:  Raw oxidation peaks found: 1
INFO:__main__:  Raw reduction peaks found: 1
INFO:__main__:  Filtered peaks (ferrocyanide range): 2
INFO:__main__:  Detection parameters: height=0.1, distance=10, prominence=0.05
INFO:__main__:  Flexible filtering: Peak zone=[-0.300-0.601V], Edge margin=0.100V
INFO:__main__:Analysis complete: 2 peaks detected
INFO:werkzeug:127.0.0.1 - - [05/Oct/2025 03:16:43] "POST /api/analyze HTTP/1.1" 200 -
INFO:__main__:Received data keys: ['voltage', 'current', 'method', 'parameters']
INFO:__main__:Data content preview: {'voltage': [-0.40001, -0.390003, -0.379995, -0.369987, -0.359979, -0.349972, -0.339964, -0.329956, -0.319948, -0.30994, -0.299933, -0.289925, -0.279917, -0.269909, -0.259902, -0.249894, -0.239886, -0...
INFO:__main__:Analyzing CV data: 220 points
INFO:__main__:Voltage scan range: -0.400V to 0.701V (total: 1.101V)
INFO:__main__:Peak detection zone: -0.300V to 0.601V (margin: 0.100V)
INFO:__main__:Peak detection summary:
INFO:__main__:  Raw oxidation peaks found: 1
INFO:__main__:  Raw reduction peaks found: 1
INFO:__main__:  Filtered peaks (ferrocyanide range): 2
INFO:__main__:  Detection parameters: height=0.1, distance=10, prominence=0.05
INFO:__main__:  Flexible filtering: Peak zone=[-0.300-0.601V], Edge margin=0.100V
INFO:__main__:Analysis complete: 2 peaks detected
INFO:werkzeug:127.0.0.1 - - [05/Oct/2025 03:16:43] "POST /api/analyze HTTP/1.1" 200 -
INFO:__main__:Received data keys: ['voltage', 'current', 'method', 'parameters']
INFO:__main__:Data content preview: {'voltage': [-0.40001, -0.390003, -0.379995, -0.369987, -0.359979, -0.349972, -0.339964, -0.329956, -0.319948, -0.30994, -0.299933, -0.289925, -0.279917, -0.269909, -0.259902, -0.249894, -0.239886, -0...
INFO:__main__:Analyzing CV data: 220 points
INFO:__main__:Voltage scan range: -0.400V to 0.701V (total: 1.101V)
INFO:__main__:Peak detection zone: -0.300V to 0.601V (margin: 0.100V)
INFO:__main__:Peak detection summary:
INFO:__main__:  Raw oxidation peaks found: 1
INFO:__main__:  Raw reduction peaks found: 1
INFO:__main__:  Filtered peaks (ferrocyanide range): 2
INFO:__main__:  Detection parameters: height=0.1, distance=10, prominence=0.05
INFO:__main__:  Flexible filtering: Peak zone=[-0.300-0.601V], Edge margin=0.100V
INFO:__main__:Analysis complete: 2 peaks detected
INFO:werkzeug:127.0.0.1 - - [05/Oct/2025 03:16:44] "POST /api/analyze HTTP/1.1" 200 -
INFO:__main__:Received data keys: ['voltage', 'current', 'method', 'parameters']
INFO:__main__:Data content preview: {'voltage': [-0.40001, -0.390003, -0.379995, -0.369987, -0.359979, -0.349972, -0.339964, -0.329956, -0.319948, -0.30994, -0.299933, -0.289925, -0.279917, -0.269909, -0.259902, -0.249894, -0.239886, -0...
INFO:__main__:Analyzing CV data: 220 points
INFO:__main__:Voltage scan range: -0.400V to 0.701V (total: 1.101V)
INFO:__main__:Peak detection zone: -0.300V to 0.601V (margin: 0.100V)
INFO:__main__:Peak detection summary:
INFO:__main__:  Raw oxidation peaks found: 1
INFO:__main__:  Raw reduction peaks found: 1
INFO:__main__:  Filtered peaks (ferrocyanide range): 2
INFO:__main__:  Detection parameters: height=0.1, distance=10, prominence=0.05
INFO:__main__:  Flexible filtering: Peak zone=[-0.300-0.601V], Edge margin=0.100V
INFO:__main__:Analysis complete: 2 peaks detected
INFO:werkzeug:127.0.0.1 - - [05/Oct/2025 03:16:44] "POST /api/analyze HTTP/1.1" 200 -
INFO:__main__:Received data keys: ['voltage', 'current', 'method', 'parameters']
INFO:__main__:Data content preview: {'voltage': [-0.40001, -0.390003, -0.379995, -0.369987, -0.359979, -0.349972, -0.339964, -0.329956, -0.319948, -0.30994, -0.299933, -0.289925, -0.279917, -0.269909, -0.259902, -0.249894, -0.239886, -0...
INFO:__main__:Analyzing CV data: 220 points
INFO:__main__:Voltage scan range: -0.400V to 0.701V (total: 1.101V)
INFO:__main__:Peak detection zone: -0.300V to 0.601V (margin: 0.100V)
INFO:__main__:Peak detection summary:
INFO:__main__:  Raw oxidation peaks found: 1
INFO:__main__:  Raw reduction peaks found: 1
INFO:__main__:  Filtered peaks (ferrocyanide range): 2
INFO:__main__:  Detection parameters: height=0.1, distance=10, prominence=0.05
INFO:__main__:  Flexible filtering: Peak zone=[-0.300-0.601V], Edge margin=0.100V
INFO:__main__:Analysis complete: 2 peaks detected
INFO:werkzeug:127.0.0.1 - - [05/Oct/2025 03:16:44] "POST /api/analyze HTTP/1.1" 200 -
INFO:__main__:Received data keys: ['voltage', 'current', 'method', 'parameters']
INFO:__main__:Data content preview: {'voltage': [-0.3805, -0.3903, -0.4006, -0.3903, -0.3805, -0.3708, -0.3604, -0.3507, -0.3409, -0.3306, -0.3208, -0.3105, -0.3007, -0.291, -0.2806, -0.2709, -0.2606, -0.2508, -0.2411, -0.2307, -0.221, ...
INFO:__main__:Analyzing CV data: 220 points
INFO:__main__:Voltage scan range: -0.401V to 0.697V (total: 1.097V)
INFO:__main__:Peak detection zone: -0.301V to 0.597V (margin: 0.100V)
INFO:__main__:Peak detection summary:
INFO:__main__:  Raw oxidation peaks found: 0
INFO:__main__:  Raw reduction peaks found: 0
INFO:__main__:  Filtered peaks (ferrocyanide range): 0
INFO:__main__:  Detection parameters: height=0.1, distance=10, prominence=0.05
INFO:__main__:  Flexible filtering: Peak zone=[-0.301-0.597V], Edge margin=0.100V
INFO:__main__:Analysis complete: 0 peaks detected
INFO:werkzeug:127.0.0.1 - - [05/Oct/2025 03:16:56] "POST /api/analyze HTTP/1.1" 200 -
INFO:__main__:Received data keys: ['voltage', 'current', 'method', 'parameters']
INFO:__main__:Data content preview: {'voltage': [-0.3805, -0.3903, -0.4006, -0.3903, -0.3805, -0.3708, -0.3604, -0.3507, -0.3409, -0.3306, -0.3208, -0.3105, -0.3007, -0.291, -0.2806, -0.2709, -0.2606, -0.2508, -0.2411, -0.2307, -0.221, ...
INFO:__main__:Analyzing CV data: 220 points
INFO:__main__:Voltage scan range: -0.401V to 0.697V (total: 1.097V)
INFO:__main__:Peak detection zone: -0.301V to 0.597V (margin: 0.100V)
INFO:__main__:Peak detection summary:
INFO:__main__:  Raw oxidation peaks found: 0
INFO:__main__:  Raw reduction peaks found: 0
INFO:__main__:  Filtered peaks (ferrocyanide range): 0
INFO:__main__:  Detection parameters: height=0.1, distance=10, prominence=0.05
INFO:__main__:  Flexible filtering: Peak zone=[-0.301-0.597V], Edge margin=0.100V
INFO:__main__:Analysis complete: 0 peaks detected
INFO:werkzeug:127.0.0.1 - - [05/Oct/2025 03:16:59] "POST /api/analyze HTTP/1.1" 200 -
INFO:__main__:Received data keys: ['voltage', 'current', 'method', 'parameters']
INFO:__main__:Data content preview: {'voltage': [-0.0011, -0.0011, -0.3903, -0.3805, -0.3708, -0.3604, -0.3507, -0.3409, -0.3306, -0.3208, -0.3105, -0.3007, -0.291, -0.2806, -0.2709, -0.2606, -0.2508, -0.2411, -0.2307, -0.221, -0.2112, ...
INFO:__main__:Analyzing CV data: 219 points
INFO:__main__:Voltage scan range: -0.390V to 0.697V (total: 1.087V)
INFO:__main__:Peak detection zone: -0.290V to 0.597V (margin: 0.100V)
INFO:__main__:Peak detection summary:
INFO:__main__:  Raw oxidation peaks found: 0
INFO:__main__:  Raw reduction peaks found: 0
INFO:__main__:  Filtered peaks (ferrocyanide range): 0
INFO:__main__:  Detection parameters: height=0.1, distance=10, prominence=0.05
INFO:__main__:  Flexible filtering: Peak zone=[-0.290-0.597V], Edge margin=0.100V
INFO:__main__:Analysis complete: 0 peaks detected
INFO:werkzeug:127.0.0.1 - - [05/Oct/2025 03:17:01] "POST /api/analyze HTTP/1.1" 200 -
INFO:__main__:Received data keys: ['voltage', 'current', 'method', 'parameters']
INFO:__main__:Data content preview: {'voltage': [-0.3805, -0.3903, -0.4006, -0.3903, -0.3805, -0.3708, -0.3604, -0.3507, -0.3409, -0.3306, -0.3208, -0.3105, -0.3007, -0.291, -0.2806, -0.2709, -0.2606, -0.2508, -0.2411, -0.2307, -0.221, ...
INFO:__main__:Analyzing CV data: 220 points
INFO:__main__:Voltage scan range: -0.401V to 0.697V (total: 1.097V)
INFO:__main__:Peak detection zone: -0.301V to 0.597V (margin: 0.100V)
INFO:__main__:Peak detection summary:
INFO:__main__:  Raw oxidation peaks found: 0
INFO:__main__:  Raw reduction peaks found: 0
INFO:__main__:  Filtered peaks (ferrocyanide range): 0
INFO:__main__:  Detection parameters: height=0.1, distance=10, prominence=0.05
INFO:__main__:  Flexible filtering: Peak zone=[-0.301-0.597V], Edge margin=0.100V
INFO:__main__:Analysis complete: 0 peaks detected
INFO:werkzeug:127.0.0.1 - - [05/Oct/2025 03:17:02] "POST /api/analyze HTTP/1.1" 200 -
INFO:__main__:Received data keys: ['voltage', 'current', 'method', 'parameters']
INFO:__main__:Data content preview: {'voltage': [-0.3805, -0.3903, -0.4006, -0.3903, -0.3805, -0.3708, -0.3604, -0.3507, -0.3409, -0.3306, -0.3208, -0.3105, -0.3007, -0.291, -0.2806, -0.2709, -0.2606, -0.2508, -0.2411, -0.2307, -0.221, ...
INFO:__main__:Analyzing CV data: 220 points
INFO:__main__:Voltage scan range: -0.401V to 0.697V (total: 1.097V)
INFO:__main__:Peak detection zone: -0.301V to 0.597V (margin: 0.100V)
INFO:__main__:Peak detection summary:
INFO:__main__:  Raw oxidation peaks found: 0
INFO:__main__:  Raw reduction peaks found: 0
INFO:__main__:  Filtered peaks (ferrocyanide range): 0
INFO:__main__:  Detection parameters: height=0.1, distance=10, prominence=0.05
INFO:__main__:  Flexible filtering: Peak zone=[-0.301-0.597V], Edge margin=0.100V
INFO:__main__:Analysis complete: 0 peaks detected
INFO:werkzeug:127.0.0.1 - - [05/Oct/2025 03:17:03] "POST /api/analyze HTTP/1.1" 200 -
INFO:__main__:Received data keys: ['voltage', 'current', 'method', 'parameters']
INFO:__main__:Data content preview: {'voltage': [-0.3805, -0.3903, -0.4006, -0.3903, -0.3805, -0.3708, -0.3604, -0.3507, -0.3409, -0.3306, -0.3208, -0.3105, -0.3007, -0.291, -0.2806, -0.2709, -0.2606, -0.2508, -0.2411, -0.2307, -0.221, ...
INFO:__main__:Analyzing CV data: 220 points
INFO:__main__:Voltage scan range: -0.401V to 0.697V (total: 1.097V)
INFO:__main__:Peak detection zone: -0.301V to 0.597V (margin: 0.100V)
INFO:__main__:Peak detection summary:
INFO:__main__:  Raw oxidation peaks found: 0
INFO:__main__:  Raw reduction peaks found: 0
INFO:__main__:  Filtered peaks (ferrocyanide range): 0
INFO:__main__:  Detection parameters: height=0.1, distance=10, prominence=0.05
INFO:__main__:  Flexible filtering: Peak zone=[-0.301-0.597V], Edge margin=0.100V
INFO:__main__:Analysis complete: 0 peaks detected
INFO:werkzeug:127.0.0.1 - - [05/Oct/2025 03:17:05] "POST /api/analyze HTTP/1.1" 200 -
INFO:__main__:Received data keys: ['voltage', 'current', 'method', 'parameters']
INFO:__main__:Data content preview: {'voltage': [-0.3805, -0.3903, -0.4006, -0.3903, -0.3805, -0.3708, -0.3604, -0.3507, -0.3409, -0.3306, -0.3208, -0.3105, -0.3007, -0.291, -0.2806, -0.2709, -0.2606, -0.2508, -0.2411, -0.2307, -0.221, ...
INFO:__main__:Analyzing CV data: 220 points
INFO:__main__:Voltage scan range: -0.401V to 0.697V (total: 1.097V)
INFO:__main__:Peak detection zone: -0.301V to 0.597V (margin: 0.100V)
INFO:__main__:Peak detection summary:
INFO:__main__:  Raw oxidation peaks found: 0
INFO:__main__:  Raw reduction peaks found: 0
INFO:__main__:  Filtered peaks (ferrocyanide range): 0
INFO:__main__:  Detection parameters: height=0.1, distance=10, prominence=0.05
INFO:__main__:  Flexible filtering: Peak zone=[-0.301-0.597V], Edge margin=0.100V
INFO:__main__:Analysis complete: 0 peaks detected
INFO:werkzeug:127.0.0.1 - - [05/Oct/2025 03:17:07] "POST /api/analyze HTTP/1.1" 200 -
INFO:__main__:Received data keys: ['voltage', 'current', 'method', 'parameters']
INFO:__main__:Data content preview: {'voltage': [-0.3805, -0.3903, -0.4006, -0.3903, -0.3805, -0.3708, -0.3604, -0.3507, -0.3409, -0.3306, -0.3208, -0.3105, -0.3007, -0.291, -0.2806, -0.2709, -0.2606, -0.2508, -0.2411, -0.2307, -0.221, ...
INFO:__main__:Analyzing CV data: 220 points
INFO:__main__:Voltage scan range: -0.401V to 0.697V (total: 1.097V)
INFO:__main__:Peak detection zone: -0.301V to 0.597V (margin: 0.100V)
INFO:__main__:Peak detection summary:
INFO:__main__:  Raw oxidation peaks found: 0
INFO:__main__:  Raw reduction peaks found: 0
INFO:__main__:  Filtered peaks (ferrocyanide range): 0
INFO:__main__:  Detection parameters: height=0.1, distance=10, prominence=0.05
INFO:__main__:  Flexible filtering: Peak zone=[-0.301-0.597V], Edge margin=0.100V
INFO:__main__:Analysis complete: 0 peaks detected
INFO:werkzeug:127.0.0.1 - - [05/Oct/2025 03:17:09] "POST /api/analyze HTTP/1.1" 200 -
INFO:__main__:Received data keys: ['voltage', 'current', 'method', 'parameters']
INFO:__main__:Data content preview: {'voltage': [-0.3805, -0.3903, -0.4006, -0.3903, -0.3805, -0.3708, -0.3604, -0.3507, -0.3409, -0.3306, -0.3208, -0.3105, -0.3007, -0.291, -0.2806, -0.2709, -0.2606, -0.2508, -0.2411, -0.2307, -0.221, ...
INFO:__main__:Analyzing CV data: 220 points
INFO:__main__:Voltage scan range: -0.401V to 0.697V (total: 1.097V)
INFO:__main__:Peak detection zone: -0.301V to 0.597V (margin: 0.100V)
INFO:__main__:Peak detection summary:
INFO:__main__:  Raw oxidation peaks found: 0
INFO:__main__:  Raw reduction peaks found: 0
INFO:__main__:  Filtered peaks (ferrocyanide range): 0
INFO:__main__:  Detection parameters: height=0.1, distance=10, prominence=0.05
INFO:__main__:  Flexible filtering: Peak zone=[-0.301-0.597V], Edge margin=0.100V
INFO:__main__:Analysis complete: 0 peaks detected
INFO:werkzeug:127.0.0.1 - - [05/Oct/2025 03:17:17] "POST /api/analyze HTTP/1.1" 200 -
INFO:__main__:Received data keys: ['voltage', 'current', 'method', 'parameters']
INFO:__main__:Data content preview: {'voltage': [-0.3805, -0.3903, -0.4006, -0.3903, -0.3805, -0.3708, -0.3604, -0.3507, -0.3409, -0.3306, -0.3208, -0.3105, -0.3007, -0.291, -0.2806, -0.2709, -0.2606, -0.2508, -0.2411, -0.2307, -0.221, ...
INFO:__main__:Analyzing CV data: 220 points
INFO:__main__:Voltage scan range: -0.401V to 0.697V (total: 1.097V)
INFO:__main__:Peak detection zone: -0.301V to 0.597V (margin: 0.100V)
INFO:__main__:Peak detection summary:
INFO:__main__:  Raw oxidation peaks found: 0
INFO:__main__:  Raw reduction peaks found: 0
INFO:__main__:  Filtered peaks (ferrocyanide range): 0
INFO:__main__:  Detection parameters: height=0.1, distance=10, prominence=0.05
INFO:__main__:  Flexible filtering: Peak zone=[-0.301-0.597V], Edge margin=0.100V
INFO:__main__:Analysis complete: 0 peaks detected
INFO:werkzeug:127.0.0.1 - - [05/Oct/2025 03:17:18] "POST /api/analyze HTTP/1.1" 200 -
INFO:__main__:Received data keys: ['voltage', 'current', 'method', 'parameters']
INFO:__main__:Data content preview: {'voltage': [-0.3805, -0.3903, -0.4006, -0.3903, -0.3805, -0.3708, -0.3604, -0.3507, -0.3409, -0.3306, -0.3208, -0.3105, -0.3007, -0.291, -0.2806, -0.2709, -0.2606, -0.2508, -0.2411, -0.2307, -0.221, ...
INFO:__main__:Analyzing CV data: 220 points
INFO:__main__:Voltage scan range: -0.401V to 0.697V (total: 1.097V)
INFO:__main__:Peak detection zone: -0.301V to 0.597V (margin: 0.100V)
INFO:__main__:Peak detection summary:
INFO:__main__:  Raw oxidation peaks found: 0
INFO:__main__:  Raw reduction peaks found: 0
INFO:__main__:  Filtered peaks (ferrocyanide range): 0
INFO:__main__:  Detection parameters: height=0.1, distance=10, prominence=0.05
INFO:__main__:  Flexible filtering: Peak zone=[-0.301-0.597V], Edge margin=0.100V
INFO:__main__:Analysis complete: 0 peaks detected
INFO:werkzeug:127.0.0.1 - - [05/Oct/2025 03:17:20] "POST /api/analyze HTTP/1.1" 200 -
INFO:__main__:Received data keys: ['voltage', 'current', 'method', 'parameters']
INFO:__main__:Data content preview: {'voltage': [-0.3805, -0.3903, -0.4006, -0.3903, -0.3805, -0.3708, -0.3604, -0.3507, -0.3409, -0.3306, -0.3208, -0.3105, -0.3007, -0.291, -0.2806, -0.2709, -0.2606, -0.2508, -0.2411, -0.2307, -0.221, ...
INFO:__main__:Analyzing CV data: 220 points
INFO:__main__:Voltage scan range: -0.401V to 0.697V (total: 1.097V)
INFO:__main__:Peak detection zone: -0.301V to 0.597V (margin: 0.100V)
INFO:__main__:Peak detection summary:
INFO:__main__:  Raw oxidation peaks found: 0
INFO:__main__:  Raw reduction peaks found: 0
INFO:__main__:  Filtered peaks (ferrocyanide range): 0
INFO:__main__:  Detection parameters: height=0.1, distance=10, prominence=0.05
INFO:__main__:  Flexible filtering: Peak zone=[-0.301-0.597V], Edge margin=0.100V
INFO:__main__:Analysis complete: 0 peaks detected
INFO:werkzeug:127.0.0.1 - - [05/Oct/2025 03:17:21] "POST /api/analyze HTTP/1.1" 200 -
INFO:__main__:Received data keys: ['voltage', 'current', 'method', 'parameters']
INFO:__main__:Data content preview: {'voltage': [-0.3805, -0.3903, -0.4006, -0.3903, -0.3805, -0.3708, -0.3604, -0.3507, -0.3409, -0.3306, -0.3208, -0.3105, -0.3007, -0.291, -0.2806, -0.2709, -0.2606, -0.2508, -0.2411, -0.2307, -0.221, ...
INFO:__main__:Analyzing CV data: 220 points
INFO:__main__:Voltage scan range: -0.401V to 0.697V (total: 1.097V)
INFO:__main__:Peak detection zone: -0.301V to 0.597V (margin: 0.100V)
INFO:__main__:Peak detection summary:
INFO:__main__:  Raw oxidation peaks found: 0
INFO:__main__:  Raw reduction peaks found: 0
INFO:__main__:  Filtered peaks (ferrocyanide range): 0
INFO:__main__:  Detection parameters: height=0.1, distance=10, prominence=0.05
INFO:__main__:  Flexible filtering: Peak zone=[-0.301-0.597V], Edge margin=0.100V
INFO:__main__:Analysis complete: 0 peaks detected
INFO:werkzeug:127.0.0.1 - - [05/Oct/2025 03:17:21] "POST /api/analyze HTTP/1.1" 200 -
INFO:__main__:Received data keys: ['voltage', 'current', 'method', 'parameters']
INFO:__main__:Data content preview: {'voltage': [-0.3805, -0.3903, -0.4006, -0.3903, -0.3805, -0.3708, -0.3604, -0.3507, -0.3409, -0.3306, -0.3208, -0.3105, -0.3007, -0.291, -0.2806, -0.2709, -0.2606, -0.2508, -0.2411, -0.2307, -0.221, ...
INFO:__main__:Analyzing CV data: 220 points
INFO:__main__:Voltage scan range: -0.401V to 0.697V (total: 1.097V)
INFO:__main__:Peak detection zone: -0.301V to 0.597V (margin: 0.100V)
INFO:__main__:Peak detection summary:
INFO:__main__:  Raw oxidation peaks found: 0
INFO:__main__:  Raw reduction peaks found: 0
INFO:__main__:  Filtered peaks (ferrocyanide range): 0
INFO:__main__:  Detection parameters: height=0.1, distance=10, prominence=0.05
INFO:__main__:  Flexible filtering: Peak zone=[-0.301-0.597V], Edge margin=0.100V
INFO:__main__:Analysis complete: 0 peaks detected
INFO:werkzeug:127.0.0.1 - - [05/Oct/2025 03:17:25] "POST /api/analyze HTTP/1.1" 200 -
INFO:__main__:Received data keys: ['voltage', 'current', 'method', 'parameters']
INFO:__main__:Data content preview: {'voltage': [-0.3805, -0.3903, -0.4006, -0.3903, -0.3805, -0.3708, -0.3604, -0.3507, -0.3409, -0.3306, -0.3208, -0.3105, -0.3007, -0.291, -0.2806, -0.2709, -0.2606, -0.2508, -0.2411, -0.2307, -0.221, ...
INFO:__main__:Analyzing CV data: 220 points
INFO:__main__:Voltage scan range: -0.401V to 0.697V (total: 1.097V)
INFO:__main__:Peak detection zone: -0.301V to 0.597V (margin: 0.100V)
INFO:__main__:Peak detection summary:
INFO:__main__:  Raw oxidation peaks found: 0
INFO:__main__:  Raw reduction peaks found: 0
INFO:__main__:  Filtered peaks (ferrocyanide range): 0
INFO:__main__:  Detection parameters: height=0.1, distance=10, prominence=0.05
INFO:__main__:  Flexible filtering: Peak zone=[-0.301-0.597V], Edge margin=0.100V
INFO:__main__:Analysis complete: 0 peaks detected
INFO:werkzeug:127.0.0.1 - - [05/Oct/2025 03:17:27] "POST /api/analyze HTTP/1.1" 200 -
INFO:__main__:Received data keys: ['voltage', 'current', 'method', 'parameters']
INFO:__main__:Data content preview: {'voltage': [-0.3805, -0.3903, -0.4006, -0.3903, -0.3805, -0.3708, -0.3604, -0.3507, -0.3409, -0.3306, -0.3208, -0.3105, -0.3007, -0.291, -0.2806, -0.2709, -0.2606, -0.2508, -0.2411, -0.2307, -0.221, ...
INFO:__main__:Analyzing CV data: 220 points
INFO:__main__:Voltage scan range: -0.401V to 0.697V (total: 1.097V)
INFO:__main__:Peak detection zone: -0.301V to 0.597V (margin: 0.100V)
INFO:__main__:Peak detection summary:
INFO:__main__:  Raw oxidation peaks found: 0
INFO:__main__:  Raw reduction peaks found: 0
INFO:__main__:  Filtered peaks (ferrocyanide range): 0
INFO:__main__:  Detection parameters: height=0.1, distance=10, prominence=0.05
INFO:__main__:  Flexible filtering: Peak zone=[-0.301-0.597V], Edge margin=0.100V
INFO:__main__:Analysis complete: 0 peaks detected
INFO:werkzeug:127.0.0.1 - - [05/Oct/2025 03:17:28] "POST /api/analyze HTTP/1.1" 200 -
INFO:__main__:Received data keys: ['voltage', 'current', 'method', 'parameters']
INFO:__main__:Data content preview: {'voltage': [-0.0011, -0.0011, -0.3903, -0.3805, -0.3708, -0.3604, -0.3507, -0.3409, -0.3306, -0.3208, -0.3105, -0.3007, -0.291, -0.2806, -0.2709, -0.2606, -0.2508, -0.2411, -0.2307, -0.221, -0.2112, ...
INFO:__main__:Analyzing CV data: 219 points
INFO:__main__:Voltage scan range: -0.390V to 0.697V (total: 1.087V)
INFO:__main__:Peak detection zone: -0.290V to 0.597V (margin: 0.100V)
INFO:__main__:Peak detection summary:
INFO:__main__:  Raw oxidation peaks found: 0
INFO:__main__:  Raw reduction peaks found: 0
INFO:__main__:  Filtered peaks (ferrocyanide range): 0
INFO:__main__:  Detection parameters: height=0.1, distance=10, prominence=0.05
INFO:__main__:  Flexible filtering: Peak zone=[-0.290-0.597V], Edge margin=0.100V
INFO:__main__:Analysis complete: 0 peaks detected
INFO:werkzeug:127.0.0.1 - - [05/Oct/2025 03:17:29] "POST /api/analyze HTTP/1.1" 200 -
INFO:__main__:Received data keys: ['voltage', 'current', 'method', 'parameters']
INFO:__main__:Data content preview: {'voltage': [-0.3805, -0.3903, -0.4006, -0.3903, -0.3805, -0.3708, -0.3604, -0.3507, -0.3409, -0.3306, -0.3208, -0.3105, -0.3007, -0.291, -0.2806, -0.2709, -0.2606, -0.2508, -0.2411, -0.2307, -0.221, ...
INFO:__main__:Analyzing CV data: 220 points
INFO:__main__:Voltage scan range: -0.401V to 0.697V (total: 1.097V)
INFO:__main__:Peak detection zone: -0.301V to 0.597V (margin: 0.100V)
INFO:__main__:Peak detection summary:
INFO:__main__:  Raw oxidation peaks found: 0
INFO:__main__:  Raw reduction peaks found: 0
INFO:__main__:  Filtered peaks (ferrocyanide range): 0
INFO:__main__:  Detection parameters: height=0.1, distance=10, prominence=0.05
INFO:__main__:  Flexible filtering: Peak zone=[-0.301-0.597V], Edge margin=0.100V
INFO:__main__:Analysis complete: 0 peaks detected
INFO:werkzeug:127.0.0.1 - - [05/Oct/2025 03:17:29] "POST /api/analyze HTTP/1.1" 200 -
INFO:__main__:Received data keys: ['voltage', 'current', 'method', 'parameters']
INFO:__main__:Data content preview: {'voltage': [-0.3805, -0.3903, -0.4006, -0.3903, -0.3805, -0.3708, -0.3604, -0.3507, -0.3409, -0.3306, -0.3208, -0.3105, -0.3007, -0.291, -0.2806, -0.2709, -0.2606, -0.2508, -0.2411, -0.2307, -0.221, ...
INFO:__main__:Analyzing CV data: 220 points
INFO:__main__:Voltage scan range: -0.401V to 0.697V (total: 1.097V)
INFO:__main__:Peak detection zone: -0.301V to 0.597V (margin: 0.100V)
INFO:__main__:Peak detection summary:
INFO:__main__:  Raw oxidation peaks found: 0
INFO:__main__:  Raw reduction peaks found: 0
INFO:__main__:  Filtered peaks (ferrocyanide range): 0
INFO:__main__:  Detection parameters: height=0.1, distance=10, prominence=0.05
INFO:__main__:  Flexible filtering: Peak zone=[-0.301-0.597V], Edge margin=0.100V
INFO:__main__:Analysis complete: 0 peaks detected
INFO:werkzeug:127.0.0.1 - - [05/Oct/2025 03:17:30] "POST /api/analyze HTTP/1.1" 200 -
INFO:__main__:Received data keys: ['voltage', 'current', 'method', 'parameters']
INFO:__main__:Data content preview: {'voltage': [-0.3805, -0.3903, -0.4006, -0.3903, -0.3805, -0.3708, -0.3604, -0.3507, -0.3409, -0.3306, -0.3208, -0.3105, -0.3007, -0.291, -0.2806, -0.2709, -0.2606, -0.2508, -0.2411, -0.2307, -0.221, ...
INFO:__main__:Analyzing CV data: 220 points
INFO:__main__:Voltage scan range: -0.401V to 0.697V (total: 1.097V)
INFO:__main__:Peak detection zone: -0.301V to 0.597V (margin: 0.100V)
INFO:__main__:Peak detection summary:
INFO:__main__:  Raw oxidation peaks found: 0
INFO:__main__:  Raw reduction peaks found: 0
INFO:__main__:  Filtered peaks (ferrocyanide range): 0
INFO:__main__:  Detection parameters: height=0.1, distance=10, prominence=0.05
INFO:__main__:  Flexible filtering: Peak zone=[-0.301-0.597V], Edge margin=0.100V
INFO:__main__:Analysis complete: 0 peaks detected
INFO:werkzeug:127.0.0.1 - - [05/Oct/2025 03:17:30] "POST /api/analyze HTTP/1.1" 200 -
