Feature,Importance,Abs_Importance
red_current,0.19518357948265763,0.19518357948265763
peak_separation,0.36998029665754306,0.36998029665754306
scan_rate,0.38819963545720837,0.38819963545720837
ox_current,0.4731027409425172,0.4731027409425172
red_voltage,0.9954167214888284,0.9954167214888284
ox_voltage,1.5816582516837914,1.5816582516837914
concentration,3.8896832322145043,3.8896832322145043
