Feature,Importance,Abs_Importance
ox_current,0.014058831253892842,0.014058831253892842
red_current,0.0303685578286879,0.0303685578286879
peak_separation,0.06116714287741974,0.06116714287741974
scan_rate,0.17356591637415764,0.17356591637415764
concentration,0.1822890100745801,0.1822890100745801
ox_voltage,0.27569381165638857,0.27569381165638857
red_voltage,0.425151900223659,0.425151900223659
