{
  "20.0": {
    "n_points": 18,
    "concentrations": [
      0.5,
      1.0,
      5.0,
      10.0,
      20.0,
      50.0
    ],
    "height_r2": 0.7203105449217295,
    "area_r2": 0.8025730540051652,
    "height_slope": 1.7101715927964208e-05,
    "area_slope": 3.7250268689979657e-06
  },
  "50.0": {
    "n_points": 18,
    "concentrations": [
      0.5,
      1.0,
      5.0,
      10.0,
      20.0,
      50.0
    ],
    "height_r2": 0.9489026236649966,
    "area_r2": 0.8642590785734254,
    "height_slope": 3.0632532546934876e-05,
    "area_slope": 6.679549669218082e-06
  },
  "100.0": {
    "n_points": 18,
    "concentrations": [
      0.5,
      1.0,
      5.0,
      10.0,
      20.0,
      50.0
    ],
    "height_r2": 0.9694775397215526,
    "area_r2": 0.7290096588875848,
    "height_slope": 3.7569834096000865e-05,
    "area_slope": 5.971337356684999e-06
  },
  "200.0": {
    "n_points": 17,
    "concentrations": [
      0.5,
      1.0,
      5.0,
      10.0,
      20.0,
      50.0
    ],
    "height_r2": 0.6885345085280479,
    "area_r2": 0.5007364888270901,
    "height_slope": 3.7577539451937855e-05,
    "area_slope": 5.869203380832535e-06
  },
  "400.0": {
    "n_points": 16,
    "concentrations": [
      0.5,
      1.0,
      5.0,
      10.0,
      20.0,
      50.0
    ],
    "height_r2": 0.7138664905470021,
    "area_r2": 0.45491014044277045,
    "height_slope": 5.453797110479098e-05,
    "area_slope": 8.482411535860151e-06
  }
}