{
  "20.0": {
    "stm32": {
      "n_samples": 10,
      "ox_slope": 13.535238478179457,
      "ox_r2": 0.6670025364395891,
      "height_slope": -9.838383724391658,
      "height_r2": 0.006104284863080222,
      "conc_range": [
        0.5,
        20.0
      ]
    },
    "palmsens": {
      "n_samples": 18,
      "ox_slope": 3.958530372589091,
      "ox_r2": 0.2499492924707963,
      "height_slope": 21.95829337772956,
      "height_r2": 0.9300457021865091,
      "conc_range": [
        0.5,
        50.0
      ]
    },
    "ox_slope_ratio": 0.29246107329181903,
    "height_slope_ratio": -2.23190048211779
  },
  "50.0": {
    "stm32": {
      "n_samples": 9,
      "ox_slope": 2.0403861786904556,
      "ox_r2": 0.024378564544639554,
      "height_slope": 43.802261865183404,
      "height_r2": 0.9627957582940879,
      "conc_range": [
        0.5,
        20.0
      ]
    },
    "palmsens": {
      "n_samples": 18,
      "ox_slope": 0.5903735274618274,
      "ox_r2": 0.005146783477670427,
      "height_slope": 29.676098989755594,
      "height_r2": 0.8898740238086705,
      "conc_range": [
        0.5,
        50.0
      ]
    },
    "ox_slope_ratio": 0.28934401420065303,
    "height_slope_ratio": 0.6775015199236524
  },
  "100.0": {
    "stm32": {
      "n_samples": 12,
      "ox_slope": 6.359737941620702,
      "ox_r2": 0.06906650894043753,
      "height_slope": 62.445558017037605,
      "height_r2": 0.8804474187861268,
      "conc_range": [
        0.5,
        20.0
      ]
    },
    "palmsens": {
      "n_samples": 18,
      "ox_slope": 0.881743135684266,
      "ox_r2": 0.003769569382612575,
      "height_slope": 34.58364168316964,
      "height_r2": 0.8906591026347045,
      "conc_range": [
        0.5,
        50.0
      ]
    },
    "ox_slope_ratio": 0.13864457054335236,
    "height_slope_ratio": 0.5538206844710053
  },
  "200.0": {
    "stm32": {
      "n_samples": 10,
      "ox_slope": 5.006603616175186,
      "ox_r2": 0.025466021068474835,
      "height_slope": 92.41046700747373,
      "height_r2": 0.9590379459585191,
      "conc_range": [
        0.5,
        20.0
      ]
    },
    "palmsens": {
      "n_samples": 18,
      "ox_slope": 1.8487173675107664,
      "ox_r2": 0.005497137651486526,
      "height_slope": 33.83391085112861,
      "height_r2": 0.8161754967371789,
      "conc_range": [
        0.5,
        50.0
      ]
    },
    "ox_slope_ratio": 0.3692557888022102,
    "height_slope_ratio": 0.36612639181222056
  },
  "400.0": {
    "stm32": {
      "n_samples": 9,
      "ox_slope": 53.24401817308533,
      "ox_r2": 0.6864078711194594,
      "height_slope": 64.96225084945668,
      "height_r2": 0.7228888638718329,
      "conc_range": [
        0.5,
        20.0
      ]
    },
    "palmsens": {
      "n_samples": 18,
      "ox_slope": 1.2853413691952729,
      "ox_r2": 0.001577500548921997,
      "height_slope": 27.43557727697202,
      "height_r2": 0.3935676175554204,
      "conc_range": [
        0.5,
        50.0
      ]
    },
    "ox_slope_ratio": 0.0241405779146287,
    "height_slope_ratio": 0.4223310756357741
  }
}