{
  "20.0": {
    "n_points": 18,
    "concentrations": [
      0.5,
      1.0,
      5.0,
      10.0,
      20.0,
      50.0
    ],
    "height_r2": 0.7203105449217297,
    "area_r2": 0.8025730540051654,
    "height_slope": 17.10171592796421,
    "area_slope": 3.7250268689979658
  },
  "50.0": {
    "n_points": 18,
    "concentrations": [
      0.5,
      1.0,
      5.0,
      10.0,
      20.0,
      50.0
    ],
    "height_r2": 0.9489026236649968,
    "area_r2": 0.8642590785734254,
    "height_slope": 30.632532546934883,
    "area_slope": 6.6795496692180825
  },
  "100.0": {
    "n_points": 18,
    "concentrations": [
      0.5,
      1.0,
      5.0,
      10.0,
      20.0,
      50.0
    ],
    "height_r2": 0.9694775397215528,
    "area_r2": 0.7290096588875846,
    "height_slope": 37.56983409600087,
    "area_slope": 5.971337356684999
  },
  "200.0": {
    "n_points": 18,
    "concentrations": [
      0.5,
      1.0,
      5.0,
      10.0,
      20.0,
      50.0
    ],
    "height_r2": 0.3935971608159705,
    "area_r2": 0.2544597731896111,
    "height_slope": 24.914837019535835,
    "area_slope": 3.6895371039884104
  },
  "400.0": {
    "n_points": 18,
    "concentrations": [
      0.5,
      1.0,
      5.0,
      10.0,
      20.0,
      50.0
    ],
    "height_r2": 0.08586196044216103,
    "area_r2": 0.032063187107145515,
    "height_slope": 13.739957371271556,
    "area_slope": 1.6391320363116795
  }
}